college_id,college_name,type,course,year,tuition_annual,hostel_annual,other_annual,nri_tuition,is_official,source_url,note
col_7781328189,AB Shetty Memorial Inst. of Dental Sce.,DEEMED,BDS,,600000,150000,80000,1500000,0,,type-based indicative estimate (dental)
col_1789539556,ACS Medical College and Hospital,DEEMED,MBBS,,2200000,200000,100000,4000000,0,,type-based indicative estimate (medical)
col_ap_c1b765a82e86,"ACSR Government Medical College, Nellore",GOVT,MBBS,,35000,25000,15000,0,0,,type-based indicative estimate (medical)
col_6683663584,"ACSR Govt Medical College, Nellore",GOVT,MBBS,,35000,25000,15000,0,0,,type-based indicative estimate (medical)
col_1668168597,AGARTALA GOVT. DENTAL COLLEGE,GOVT,BDS,,50000,25000,15000,0,0,,type-based indicative estimate (dental)
col_0570643390,AGARTALA GOVT. MEDICAL COLLEGE,GOVT,MBBS,,35000,25000,15000,0,0,,type-based indicative estimate (medical)
col_9091100798,AIIMS,AIIMS,MBBS,,5856,12000,6000,0,0,,type-based indicative estimate (medical)
col_8976822834,AIIMS,AIIMS,MBBS,,5856,12000,6000,0,0,,type-based indicative estimate (medical)
col_1111291303,AIIMS Bathinda,AIIMS,MBBS,,5856,12000,6000,0,0,,type-based indicative estimate (medical)
col_8073275994,AIIMS Bilaspur Changar Palasiyan,AIIMS,MBBS,,5856,12000,6000,0,0,,type-based indicative estimate (medical)
col_4499329080,AIIMS Guahawti,AIIMS,MBBS,,5856,12000,6000,0,0,,type-based indicative estimate (medical)
col_6481842241,AIIMS Guwahati,AIIMS,MBBS,,5856,12000,6000,0,0,,type-based indicative estimate (medical)
col_9311642017,AIIMS Jammu,AIIMS,MBBS,,5856,12000,6000,0,0,,type-based indicative estimate (medical)
col_8091291619,"AIIMS Jammu, AIIMS Vijaypur Samba Jammu",AIIMS,MBBS,,5856,12000,6000,0,0,,type-based indicative estimate (medical)
col_8187040288,"AIIMS Jammu, AIIMS, Vijaypur, Jammu",AIIMS,MBBS,,5856,12000,6000,0,0,,type-based indicative estimate (medical)
col_1225425978,AIIMS Mangalagiri,AIIMS,MBBS,,5856,12000,6000,0,0,,type-based indicative estimate (medical)
col_1044965040,AIIMS Rajkot,AIIMS,MBBS,,5856,12000,6000,0,0,,type-based indicative estimate (medical)
col_4926001779,"AIIMS Rajkot, Admission cell, Academic section, First floor, Academic block, Permanent Campus, AIIMS Rajkot, Khand",AIIMS,MBBS,,5856,12000,6000,0,0,,type-based indicative estimate (medical)
col_2390892251,"AIIMS Rajkot, MBBS admission cell Room No.3, Ground floor, AYUSH, Permanent Campus, AIIMS Rajkot, Khanderi",AIIMS,MBBS,,5856,12000,6000,0,0,,type-based indicative estimate (medical)
col_1488483757,"AIIMS, Bhubaneswar",AIIMS,MBBS,,5856,12000,6000,0,0,,type-based indicative estimate (medical)
col_6135232259,"AIIMS, Bhubaneswar, AT - Sijua",AIIMS,MBBS,,5856,12000,6000,0,0,,type-based indicative estimate (medical)
col_5205054776,"AIIMS, Deogarh",AIIMS,MBBS,,5856,12000,6000,0,0,,type-based indicative estimate (medical)
col_7850909149,"AIIMS, Deogarh, AIIMS Deoghar Devipur",AIIMS,MBBS,,5856,12000,6000,0,0,,type-based indicative estimate (medical)
col_5308091707,"AIIMS, Deogarh, AIIMS Deoghar Devipur, Jharkhan d India",AIIMS,MBBS,,5856,12000,6000,0,0,,type-based indicative estimate (medical)
col_3561552858,"AIIMS, Gorakhpur",AIIMS,MBBS,,5856,12000,6000,0,0,,type-based indicative estimate (medical)
col_0979654171,"AIIMS, Gorakhpur, AIIMS Gorakhpur, Medical College Building, Kunraghat, Gorakhpur",AIIMS,MBBS,,5856,12000,6000,0,0,,type-based indicative estimate (medical)
col_4477724642,"AIIMS, Jodhpur",AIIMS,MBBS,,5856,12000,6000,0,0,,type-based indicative estimate (medical)
col_3758254505,"AIIMS, Jodhpur, BASNI PHASE - II, JODHPU R- 342005, Rajastha n",AIIMS,MBBS,,5856,12000,6000,0,0,,type-based indicative estimate (medical)
col_9245966271,"AIIMS, Jodhpur, BASNI PHASE - II, JODHPUR-342005",AIIMS,MBBS,,5856,12000,6000,0,0,,type-based indicative estimate (medical)
col_2234493661,"AIIMS, Kalyani",AIIMS,MBBS,,5856,12000,6000,0,0,,type-based indicative estimate (medical)
col_2754927034,"AIIMS, Kalyani, NH-34 Connector, Basantapur, Saguna, Kalyani",AIIMS,MBBS,,5856,12000,6000,0,0,,type-based indicative estimate (medical)
col_9899895159,"AIIMS, Madurai",AIIMS,MBBS,,5856,12000,6000,0,0,,type-based indicative estimate (medical)
col_6095371504,"AIIMS, Madurai, AIIMS MADURAI",AIIMS,MBBS,,5856,12000,6000,0,0,,type-based indicative estimate (medical)
col_5932653876,"AIIMS, Nagpur",AIIMS,MBBS,,5856,12000,6000,0,0,,type-based indicative estimate (medical)
col_6139977040,"AIIMS, Patna",AIIMS,MBBS,,5856,12000,6000,0,0,,type-based indicative estimate (medical)
col_0209623463,"AIIMS, Patna, Phulwarisharif, Patna",AIIMS,MBBS,,5856,12000,6000,0,0,,type-based indicative estimate (medical)
col_2861911641,"AIIMS, Rai Bareli",AIIMS,MBBS,,5856,12000,6000,0,0,,type-based indicative estimate (medical)
col_5899718384,"AIIMS, Rai Bareli, All India Institute of Medical Sciences Raebareli",AIIMS,MBBS,,5856,12000,6000,0,0,,type-based indicative estimate (medical)
col_0808368403,"AIIMS, Raipur",AIIMS,MBBS,,5856,12000,6000,0,0,,type-based indicative estimate (medical)
col_2696357337,"AIIMS, Raipur, Tatibandh",AIIMS,MBBS,,5856,12000,6000,0,0,,type-based indicative estimate (medical)
col_9058558223,"AIIMS, Rishikes h, ALL INDIA INSTITU TE OF MEDICA L SCIENC ES, RISHIKE SH Uttarakh and - 249203, Uttarakh and",AIIMS,MBBS,,5856,12000,6000,0,0,,type-based indicative estimate (medical)
col_7948786423,"AIIMS, Rishikesh",AIIMS,MBBS,,5856,12000,6000,0,0,,type-based indicative estimate (medical)
col_5470508284,"AIIMS, Rishikesh, ALL INDIA INSTITUTE OF MEDICAL SCIENCES, RISHIKESH",AIIMS,MBBS,,5856,12000,6000,0,0,,type-based indicative estimate (medical)
col_4036549569,AIIMS-Bhopal,AIIMS,MBBS,,5856,12000,6000,0,0,,type-based indicative estimate (medical)
col_2611533354,"ANUGR AH NARAYA N MAGAD H MEDICA L COLLEG E, GAYA, S HERGH ATIROA D, GAYA",GOVT,MBBS,,35000,25000,15000,0,0,,type-based indicative estimate (medical)
col_7325785528,"ANUGRAH NARAYAN MAGADH MEDICAL COLLEGE, GAYA",GOVT,MBBS,,35000,25000,15000,0,0,,type-based indicative estimate (medical)
col_3013554356,"ASSAM MEDICAL COLLEGE, DIBRUGARH",GOVT,MBBS,,35000,25000,15000,0,0,,type-based indicative estimate (medical)
col_6840126510,"ASSAM MEDICAL COLLEGE, DIBRUGARH,Borbari, Dibrugarh, Assam, 786002",GOVT,MBBS,,35000,25000,15000,0,0,,type-based indicative estimate (medical)
col_9755304672,ATAL BIHARI VAJPAYEE GOVERNMENT MEDICAL COLLEGE,GOVT,MBBS,,35000,25000,15000,0,0,,type-based indicative estimate (medical)
col_9972444064,"Aarupad ai Veedu Medical College and Hospt., Puduche rry",PRIVATE,MBBS,,1200000,150000,80000,3000000,0,,type-based indicative estimate (medical)
col_0929727234,Aarupadai Veedu Medical College and Hospt.,DEEMED,MBBS,,2200000,200000,100000,4000000,0,,type-based indicative estimate (medical)
col_ap_8307534cdc49,"Alluri Seetharama Raju Academy of Medical Sciences, Eluru",PRIVATE,MBBS,,1200000,150000,80000,3000000,0,,type-based indicative estimate (medical)
col_ap_6359eff744b1,"Alluri Sitarama Raju Academy of Medical Sciences, M alkapuram, Eluru, West Godavari Dist.",PRIVATE,MBBS,,1200000,150000,80000,3000000,0,,type-based indicative estimate (medical)
col_4966903340,"Amrita Institute of Medical Science, Kochi",DEEMED,MBBS,,2200000,200000,100000,4000000,0,,type-based indicative estimate (medical)
col_2118491179,"Amrita Institute of Medical Science, Kochi, Amrita School of Medicine",DEEMED,MBBS,,2200000,200000,100000,4000000,0,,type-based indicative estimate (medical)
col_5780240441,"Amrita School of Dentistry, Kochi",DEEMED,BDS,,600000,150000,80000,1500000,0,,type-based indicative estimate (dental)
col_6816618975,"Amrita School of Dentistry, Kochi, Amrita School of Dentistry, Amrita Institute of Medical Sciences (AIMS)",DEEMED,BDS,,600000,150000,80000,1500000,0,,type-based indicative estimate (dental)
col_6932818297,Amrita School of Medicine Faridabad,DEEMED,MBBS,,2200000,200000,100000,4000000,0,,type-based indicative estimate (medical)
col_5345929248,"Andama n and Nicobar Islands Institute of Medical S, Directo r ANIIMS, DHS Annexe Building",GOVT,MBBS,,35000,25000,15000,0,0,,type-based indicative estimate (medical)
col_1676229326,Andaman and Nicobar Islands Institute of Medical S,GOVT,MBBS,,35000,25000,15000,0,0,,type-based indicative estimate (medical)
col_0332878351,"Andaman and Nicobar Islands Institute of Medical S,Director ANIIMS, DHS Annexe Building, Atlanta Point, Port Blair-744104, Andaman And Nicobar Islands, 744104",GOVT,MBBS,,35000,25000,15000,0,0,,type-based indicative estimate (medical)
col_6175678877,"Andhra Medical College, Visakhapatnam",GOVT,MBBS,,35000,25000,15000,0,0,,type-based indicative estimate (medical)
col_ap_b521f76298f2,"Anna Gowri Medical College and Hospital, Parameshwaramangalam",GOVT,MBBS,,35000,25000,15000,0,0,,type-based indicative estimate (medical)
col_ap_33f6cc0d8240,"Apollo Inst. Of Medical Sciences &Research, Chittoor",GOVT,MBBS,,35000,25000,15000,0,0,,type-based indicative estimate (medical)
col_ap_bd124ff23357,"Apollo Institute of Medical Sciences and Research, Chittoor",PRIVATE,MBBS,,1200000,150000,80000,3000000,0,,type-based indicative estimate (medical)
col_4626831927,Atal Bihari Vajpayee Institute of Medical Sciences & DR RML HOSPITAL,GOVT,MBBS,,35000,25000,15000,0,0,,type-based indicative estimate (medical)
col_r3_066a722b7816,Autonomous State Medical Collage,GOVT,MBBS,,35000,25000,15000,0,0,,type-based indicative estimate (medical)
col_1356919734,Autonomous State Medical College,GOVT,MBBS,,35000,25000,15000,0,0,,type-based indicative estimate (medical)
col_3091667295,"Autonomous State Medical College Society, Mirzapur",GOVT,MBBS,,35000,25000,15000,0,0,,type-based indicative estimate (medical)
col_7224619583,"Autonomous State Medical College Society, Mirzapur, MAA VINDHYAVASINI AUTONOMOUS STATE MEDICAL COLLEGE PIPARDARH, VISHUNDERPUR, MIRZAPUR",GOVT,MBBS,,35000,25000,15000,0,0,,type-based indicative estimate (medical)
col_9786489351,"Autonomous State Medical College Society, Mirzapur, Piparadarh, Visunderpur",GOVT,MBBS,,35000,25000,15000,0,0,,type-based indicative estimate (medical)
col_4438177472,"Autonomous State Medical College, Amethi (U.P.), Autonomous State Medical College, Tiloi, Amethi (U.P.) - 229309",GOVT,MBBS,,35000,25000,15000,0,0,,type-based indicative estimate (medical)
col_4588362927,"Autonomous State Medical College, Etah",GOVT,MBBS,,35000,25000,15000,0,0,,type-based indicative estimate (medical)
col_6448531154,"Autonomous State Medical College, Etah, NAGLA PADIHAR SIRAO MAHARARA LINK",GOVT,MBBS,,35000,25000,15000,0,0,,type-based indicative estimate (medical)
col_5784843913,"Autonomous State Medical College, Fatehpur",GOVT,MBBS,,35000,25000,15000,0,0,,type-based indicative estimate (medical)
col_2915262623,"Autonomous State Medical College, Ghazipur",GOVT,MBBS,,35000,25000,15000,0,0,,type-based indicative estimate (medical)
col_2519506686,"Autonomous State Medical College, Ghazipur, Principal Prashasnik Bhawan MV Autonomous State Medical College RTI Chauraha Ghazipur",GOVT,MBBS,,35000,25000,15000,0,0,,type-based indicative estimate (medical)
col_0228111726,"Autonomous State Medical College, Gonda, Chhavanni Sarkar Infront of Circuit House Gonda",GOVT,MBBS,,35000,25000,15000,0,0,,type-based indicative estimate (medical)
col_6292880010,"Autonomous State Medical College, Kanpur Dehat",GOVT,MBBS,,35000,25000,15000,0,0,,type-based indicative estimate (medical)
col_1499050384,"Autonomous State Medical College, Lakhimpur Kheri",GOVT,MBBS,,35000,25000,15000,0,0,,type-based indicative estimate (medical)
col_8352459304,"Autonomous State Medical College, Lalitpur, U.P",GOVT,MBBS,,35000,25000,15000,0,0,,type-based indicative estimate (medical)
col_0079680371,"Autonomous State Medical College, Pilibhit",GOVT,MBBS,,35000,25000,15000,0,0,,type-based indicative estimate (medical)
col_4901748608,"Autonomous State Medical College, Pratapgarh",GOVT,MBBS,,35000,25000,15000,0,0,,type-based indicative estimate (medical)
col_r3_c915330640e2,"Autonomous State Medical College, Siddharthnaga r",GOVT,MBBS,,35000,25000,15000,0,0,,type-based indicative estimate (medical)
col_r3_49ab4ff6719e,"Autonomous State Medical College, Sonebhadra, R ounp Rd, Churk, Roberts ganj, Sonebhadra",GOVT,MBBS,,35000,25000,15000,0,0,,type-based indicative estimate (medical)
col_6615292223,"Autonomous State Medical College, Sultanpur",GOVT,MBBS,,35000,25000,15000,0,0,,type-based indicative estimate (medical)
col_9170056923,Autonomous State Medical college Society Hardoi,GOVT,MBBS,,35000,25000,15000,0,0,,type-based indicative estimate (medical)
col_4326465829,"Autonomous State Medical college Society Hardoi, Gaura Danda",GOVT,MBBS,,35000,25000,15000,0,0,,type-based indicative estimate (medical)
col_1351714059,"Autonomous state Medical College, Kaushambi",GOVT,MBBS,,35000,25000,15000,0,0,,type-based indicative estimate (medical)
col_7200814323,"Autonomous state Medical College, Sehud, Auraiya, Sehud Auraiya",GOVT,MBBS,,35000,25000,15000,0,0,,type-based indicative estimate (medical)
col_8026108479,"B.J. Government Medical College, Pune",GOVT,MBBS,,35000,25000,15000,0,0,,type-based indicative estimate (medical)
col_1971197553,"B.J. MEDICAL COLLEGE, AHMEDABAD",GOVT,MBBS,,35000,25000,15000,0,0,,type-based indicative estimate (medical)
col_2393237240,"B.J. MEDICAL COLLEGE, AHMEDABAD, B J Medical College",GOVT,MBBS,,35000,25000,15000,0,0,,type-based indicative estimate (medical)
col_8068231784,"B.L.D.E University, Bijapur",DEEMED,MBBS,,2200000,200000,100000,4000000,0,,type-based indicative estimate (medical)
col_0596108467,"B.R.D. MEDICAL COLLEGE, GORAKHPUR",GOVT,MBBS,,35000,25000,15000,0,0,,type-based indicative estimate (medical)
col_7185155369,"BANKURA SAMMILANI MED COLL, BANKURA",GOVT,MBBS,,35000,25000,15000,0,0,,type-based indicative estimate (medical)
col_9501489019,"BANKURA SAMMILANI MED COLL, BANKURA, Principal, Bankura Sammilani Medical College, Lokepur",GOVT,MBBS,,35000,25000,15000,0,0,,type-based indicative estimate (medical)
col_6332933977,"BELGAUM INST. OF MEDICAL SCI., BELGAUM",GOVT,MBBS,,35000,25000,15000,0,0,,type-based indicative estimate (medical)
col_0414574260,BHAARATH MEDICAL COLLEGE AND HOSPITAL,DEEMED,MBBS,,2200000,200000,100000,4000000,0,,type-based indicative estimate (medical)
col_0712237746,"BIDAR INSTITUTE OF MEDICAL SCI., BIDAR",GOVT,MBBS,,35000,25000,15000,0,0,,type-based indicative estimate (medical)
col_1693841445,"BPS Govt. Med. College, Sonepat",GOVT,MBBS,,35000,25000,15000,0,0,,type-based indicative estimate (medical)
col_8971795542,"BPS Govt. Med. College, Sonepat(Female Seat only )",GOVT,MBBS,,35000,25000,15000,0,0,,type-based indicative estimate (medical)
col_7446152525,"BPS Govt. Med. College, Sonepat, BPS GOVT MEDICAL COLLEGE FOR WOMEN KHANPUR KALAN SONEPAT",GOVT,MBBS,,35000,25000,15000,0,0,,type-based indicative estimate (medical)
col_6076059203,"BUNDELKHAND MEDICAL COLLEGE, SAGAR",GOVT,MBBS,,35000,25000,15000,0,0,,type-based indicative estimate (medical)
col_0713222030,"BUNDELKHAND MEDICAL COLLEGE, SAGAR, Shivaji ward",GOVT,MBBS,,35000,25000,15000,0,0,,type-based indicative estimate (medical)
col_9730759917,"BURDWAN MEDICAL COLLEGE, BURDWA N",GOVT,MBBS,,35000,25000,15000,0,0,,type-based indicative estimate (medical)
col_0942795538,"BURDWAN MEDICAL COLLEGE, BURDWAN, BURDWAN MEDICAL COLLEGE, BABURBAG",GOVT,MBBS,,35000,25000,15000,0,0,,type-based indicative estimate (medical)
col_9665800222,"BV Deemed Uni. Med. College and Hos., Sangli",DEEMED,MBBS,,2200000,200000,100000,4000000,0,,type-based indicative estimate (medical)
col_7404773217,BVDU Dental College and Hospital,DEEMED,BDS,,600000,150000,80000,1500000,0,,type-based indicative estimate (dental)
col_6452314349,"Baba Kinaram Autonomous State Medical College, Chandauli, Baba kinaram autonomous state Medical college, Naubatpur, Chandauli",GOVT,MBBS,,35000,25000,15000,0,0,,type-based indicative estimate (medical)
col_1411720933,Bangalore Medical College and Research Institute,GOVT,MBBS,,35000,25000,15000,0,0,,type-based indicative estimate (medical)
col_4955077057,Barasat Government Medical College & Hospital,GOVT,MBBS,,35000,25000,15000,0,0,,type-based indicative estimate (medical)
col_5267706906,Bharati Vidyapeeth DU Dental College and Hospt.,DEEMED,BDS,,600000,150000,80000,1500000,0,,type-based indicative estimate (dental)
col_1344330016,Bharati Vidyapeeth DU Medical College,GOVT,MBBS,,35000,25000,15000,0,0,,type-based indicative estimate (medical)
col_9741103496,"Bharati Vidyapeeth DU Medical College, Dhankawadi",DEEMED,MBBS,,2200000,200000,100000,4000000,0,,type-based indicative estimate (medical)
col_2085098821,Bhima Bhoi Medical College and Hospital,GOVT,MBBS,,35000,25000,15000,0,0,,type-based indicative estimate (medical)
col_7812381978,Burdwan Dental College & Hospital,GOVT,BDS,,50000,25000,15000,0,0,,type-based indicative estimate (dental)
col_1897172171,C. Institute of Medical Sciences,GOVT,MBBS,,35000,25000,15000,0,0,,type-based indicative estimate (medical)
col_r3_4f5220e116d8,"C. Institute of Medical Sciences, Chamarajanag ar, SY NO.124, YEDAPURA VILLAGE, KASABA HOBLI",GOVT,MBBS,,35000,25000,15000,0,0,,type-based indicative estimate (medical)
col_8740864194,"CALCUTTA NATIONAL MED COLL, KOLKATA",GOVT,MBBS,,35000,25000,15000,0,0,,type-based indicative estimate (medical)
col_5345905367,"CHENGALPATTU MEDICAL COLL, CHENGALPATTU",GOVT,MBBS,,35000,25000,15000,0,0,,type-based indicative estimate (medical)
col_8006359615,"CHHATT ISGARH INSTITU TE OF MEDICA L SCIENC ES, BILASP, GOND PARA, SADAR BAZAAR BILASPU R - 495001 (CG), Chhattisg arh",GOVT,MBBS,,35000,25000,15000,0,0,,type-based indicative estimate (medical)
col_r3_ade97145ef94,"CHHATTISGA RH INSTITUTE OF MEDICAL SCIENCES, BILASP, GON D PARA, SADAR BAZAAR BILASPUR 495001 (CG)",GOVT,MBBS,,35000,25000,15000,0,0,,type-based indicative estimate (medical)
col_6903998336,"CHHATTISGAR H INSTITUTE OF MEDICAL SCIENCES, BILASP",GOVT,MBBS,,35000,25000,15000,0,0,,type-based indicative estimate (medical)
col_8939385328,"CHHATTISGARH INSTITUTE OF MEDICAL SCIENCES, BILASP,GOND PARA, SADAR BAZAAR BILASPUR - 495001 (CG), Chhattisgarh, 495001",GOVT,MBBS,,35000,25000,15000,0,0,,type-based indicative estimate (medical)
col_0456741559,"CHIKKA BALLAP URA INSTITU TE OF MEDICA L SCIENC ES, KARNAT AKA",GOVT,MBBS,,35000,25000,15000,0,0,,type-based indicative estimate (medical)
col_1047156239,CHIKKABALLAPURA INSTITUTE OF MEDICAL SCIENCES,GOVT,MBBS,,35000,25000,15000,0,0,,type-based indicative estimate (medical)
col_3361084442,"COIMBATORE MEDICAL COLLEGE, COIMBATORE",GOVT,MBBS,,35000,25000,15000,0,0,,type-based indicative estimate (medical)
col_1196645078,"COLLEG E OF MEDICIN E and JNM HOSPIT AL, KALYANI",GOVT,MBBS,,35000,25000,15000,0,0,,type-based indicative estimate (medical)
col_4154504097,COLLEGE OF MEDICINE and JNM HOSPITAL,GOVT,MBBS,,35000,25000,15000,0,0,,type-based indicative estimate (medical)
col_5347792141,"Chandulal Chandrakar Memorial Government Medical College, Durg",GOVT,MBBS,,35000,25000,15000,0,0,,type-based indicative estimate (medical)
col_4294714855,"Chandulal Chandrakar Memorial Government Medical College, Durg, Chandulal Chandrakar Memorial Government Medical College",GOVT,MBBS,,35000,25000,15000,0,0,,type-based indicative estimate (medical)
col_7791369042,"Chettinad Hos. and Res. Inst., Kancheepuram",PRIVATE,MBBS,,1200000,150000,80000,3000000,0,,type-based indicative estimate (medical)
col_9105731122,"Chettinad Hos. and Res. Inst., Kancheepuram, Rajiv Gandhi Salai, Kelambakkam",DEEMED,MBBS,,2200000,200000,100000,4000000,0,,type-based indicative estimate (medical)
col_2133117517,Chhindwara Institute of Medical Sciences,GOVT,MBBS,,35000,25000,15000,0,0,,type-based indicative estimate (medical)
col_0620225768,Chikkamagaluru Institute of Medical Sciences,GOVT,MBBS,,35000,25000,15000,0,0,,type-based indicative estimate (medical)
col_9749385949,Chitradurga Medical College and Research Institute,GOVT,MBBS,,35000,25000,15000,0,0,,type-based indicative estimate (medical)
col_9757200035,"College Governm ent Medical College Alwar, Go vernment Medical College Alwar Jail Circle alwar, Rajastha n",GOVT,MBBS,,35000,25000,15000,0,0,,type-based indicative estimate (medical)
col_4110995967,College Government Medical College Alwar,GOVT,MBBS,,35000,25000,15000,0,0,,type-based indicative estimate (medical)
col_3999152631,"College Government Medical College Alwar, Government Medical College Alwar Jail Circle alwar",GOVT,MBBS,,35000,25000,15000,0,0,,type-based indicative estimate (medical)
col_r3_bf104497a13a,"College of B.Sc. Nursing Ahilya Bai College of Nursing, Maulana Azad Medical College",GOVT,BSc Nursing,,20000,15000,8000,0,0,,type-based indicative estimate (nursing)
col_r3_3e9befd79de4,"College of B.Sc. Nursing BHU, VARANASI, Th e Director Institute of Medical Sciences Banaras Hindu University",CENTRAL,BSc Nursing,,20000,15000,8000,0,0,,type-based indicative estimate (nursing)
col_r3_28d3852dff88,College of B.Sc. Nursing Dr. RML Hospital,GOVT,BSc Nursing,,20000,15000,8000,0,0,,type-based indicative estimate (nursing)
col_r3_009824904988,College of B.Sc. Nursing Florence Nightingale CON,GOVT,BSc Nursing,,20000,15000,8000,0,0,,type-based indicative estimate (nursing)
col_r3_3ea331b460b1,College of B.Sc. Nursing LHMC,GOVT,BSc Nursing,,20000,15000,8000,0,0,,type-based indicative estimate (nursing)
col_r3_22cad4b12f1f,College of B.Sc. Nursing RAK CON,GOVT,BSc Nursing,,20000,15000,8000,0,0,,type-based indicative estimate (nursing)
col_r3_b905a3effbb2,College of B.Sc. Nursing Safdarjung Hospital,GOVT,BSc Nursing,,20000,15000,8000,0,0,,type-based indicative estimate (nursing)
col_7523443447,"College of Nursing Ahilya Bai College of Nursing, Maulana Azad Medical College",GOVT,BSc Nursing,,20000,15000,8000,0,0,,type-based indicative estimate (nursing)
col_6690365874,"College of Nursing Ahilya Bai College of Nursing, Maulana Azad Medical College(Female Seat only )",GOVT,BSc Nursing,,20000,15000,8000,0,0,,type-based indicative estimate (nursing)
col_3574418749,"College of Nursing BHU, VARANASI",CENTRAL,BSc Nursing,,20000,15000,8000,0,0,,type-based indicative estimate (nursing)
col_6969298684,"College of Nursing BHU, VARANASI, The Director Institute of Medical Sciences Banaras Hindu University",CENTRAL,BSc Nursing,,20000,15000,8000,0,0,,type-based indicative estimate (nursing)
col_9750711209,College of Nursing Dr. RML Hospital,GOVT,BSc Nursing,,20000,15000,8000,0,0,,type-based indicative estimate (nursing)
col_3787617621,College of Nursing Florence Nightingale CON,GOVT,BSc Nursing,,20000,15000,8000,0,0,,type-based indicative estimate (nursing)
col_5069247353,College of Nursing LHMC,GOVT,BSc Nursing,,20000,15000,8000,0,0,,type-based indicative estimate (nursing)
col_8417302851,College of Nursing RAK CON,GOVT,BSc Nursing,,20000,15000,8000,0,0,,type-based indicative estimate (nursing)
col_5169367903,College of Nursing Safdarjung Hospital,GOVT,BSc Nursing,,20000,15000,8000,0,0,,type-based indicative estimate (nursing)
col_3863352521,DATTA MEGHE MEDICAL COLLEGE WANADONGRI HINGNA NAGPUR,DEEMED,MBBS,,2200000,200000,100000,4000000,0,,type-based indicative estimate (medical)
col_7103800790,"DC, RIMS, Imphal",GOVT,MBBS,,35000,25000,15000,0,0,,type-based indicative estimate (medical)
col_2383671975,"DR. R. AHMED DENT.COLL & HOSP, KOLKATA",GOVT,BDS,,50000,25000,15000,0,0,,type-based indicative estimate (dental)
col_1741521531,"DR. VAISHAMPAYAM MEMORIAL M.C., SHOLAPUR",GOVT,MBBS,,35000,25000,15000,0,0,,type-based indicative estimate (medical)
col_6247056930,"DR.RAJENDRA PRASAD MC, TANDA",GOVT,MBBS,,35000,25000,15000,0,0,,type-based indicative estimate (medical)
col_5535833488,"DR.RAJENDRA PRASAD MC, TANDA, Dr.Rajendra Prasad Govt.Medical College Kangra at Tanda, H.P.",GOVT,MBBS,,35000,25000,15000,0,0,,type-based indicative estimate (medical)
col_8923853628,"DR.S.C. GOVT MEDICA L COLLEG E, NAND ED, VISH NUPURI NANDED MAHAR ASHTRA 431606, Maharas htra",GOVT,MBBS,,35000,25000,15000,0,0,,type-based indicative estimate (medical)
col_r3_6ea9d2daa7fc,"DR.S.C.GOVT MEDICAL COLLEGE, N ANDED, VISH NUPURI NANDED MAHARASHT RA 431606",GOVT,MBBS,,35000,25000,15000,0,0,,type-based indicative estimate (medical)
col_2124253940,"DR.S.C.GOVT MEDICAL COLLEGE, NANDED",GOVT,MBBS,,35000,25000,15000,0,0,,type-based indicative estimate (medical)
col_4802956014,"DR.S.C.GOVT MEDICAL COLLEGE, NANDED, VISHNUPURI NANDED",GOVT,MBBS,,35000,25000,15000,0,0,,type-based indicative estimate (medical)
col_6343504357,"DR.S.N. MEDICAL COLLEGE, JODHPUR",GOVT,MBBS,,35000,25000,15000,0,0,,type-based indicative estimate (medical)
col_3305402119,DY Patil University School of Medicine,DEEMED,MBBS,,2200000,200000,100000,4000000,0,,type-based indicative estimate (medical)
col_7611701289,"Darbhanga Medical College, Laheriasarai",GOVT,MBBS,,35000,25000,15000,0,0,,type-based indicative estimate (medical)
col_7544650085,Deben Mahata Government Medical College & Hospital,GOVT,MBBS,,35000,25000,15000,0,0,,type-based indicative estimate (medical)
col_7969421428,Dental Institue,GOVT,BDS,,50000,25000,15000,0,0,,type-based indicative estimate (dental)
col_5524721323,Dhubri Medical College,GOVT,MBBS,,35000,25000,15000,0,0,,type-based indicative estimate (medical)
col_5416104235,Diamond Harbour Govt Medical College,GOVT,MBBS,,35000,25000,15000,0,0,,type-based indicative estimate (medical)
col_9214861791,"Diamond Harbour Govt Medical College, New Town",GOVT,MBBS,,35000,25000,15000,0,0,,type-based indicative estimate (medical)
col_7694033867,Diphu Medical College & Hospital,GOVT,MBBS,,35000,25000,15000,0,0,,type-based indicative estimate (medical)
col_9175504128,"Dr Ram Manohar Lohia Inst. of Med. Sce., Lucknow",GOVT,MBBS,,35000,25000,15000,0,0,,type-based indicative estimate (medical)
col_7617915458,Dr. B.R. Ambedkar State Institute of Medical Sciences,GOVT,MBBS,,35000,25000,15000,0,0,,type-based indicative estimate (medical)
col_8594173572,Dr. B.S.A. Medical College,GOVT,MBBS,,35000,25000,15000,0,0,,type-based indicative estimate (medical)
col_6335862991,Dr. DY Patil Dental College and Hosp. Navi Mumbai,DEEMED,BDS,,600000,150000,80000,1500000,0,,type-based indicative estimate (dental)
col_2563320914,Dr. DY Patil Dental College and Hosp. Pune,DEEMED,BDS,,600000,150000,80000,1500000,0,,type-based indicative estimate (dental)
col_9270197566,"Dr. DY Patil Medical College and Hospt., Pune",GOVT,MBBS,,35000,25000,15000,0,0,,type-based indicative estimate (medical)
col_1532367856,"Dr. DY Patil Medical College and Hospt., Pune, Dr. D. Y. Patil Medical College",DEEMED,MBBS,,2200000,200000,100000,4000000,0,,type-based indicative estimate (medical)
col_3076885527,"Dr. DY Patil Medical College, Navi Mumbai",GOVT,MBBS,,35000,25000,15000,0,0,,type-based indicative estimate (medical)
col_3834859378,"Dr. DY Patil Medical College, Navi Mumbai, Plot No. 2",DEEMED,MBBS,,2200000,200000,100000,4000000,0,,type-based indicative estimate (medical)
col_6284050806,"Dr. DYP Edu. Soc. Deemed Uni., Kolhapur",DEEMED,MBBS,,2200000,200000,100000,4000000,0,,type-based indicative estimate (medical)
col_ap_3566d70e8c4c,"Dr. Pinnamaneni Siddhartha Institute of Medical Sciences & R esearch Foundation, Chinnaavutapalli, Gannavaram, Krishna Dist.",PRIVATE,MBBS,,1200000,150000,80000,3000000,0,,type-based indicative estimate (medical)
col_ap_f5de93103e98,"Dr. Pinnamaneni Siddhartha Institute of Medical Sciences, Gannavaram",PRIVATE,MBBS,,1200000,150000,80000,3000000,0,,type-based indicative estimate (medical)
col_1561643073,"Dr. YS Parmar Govt. Medical College, Nahan",GOVT,MBBS,,35000,25000,15000,0,0,,type-based indicative estimate (medical)
col_9843819080,"Dr. YS Parmar Govt. Medical College, Nahan, Nahan",GOVT,MBBS,,35000,25000,15000,0,0,,type-based indicative estimate (medical)
col_1474670955,Dr. Ziauddin Ahmed Dental College and Hospital,CENTRAL,BDS,,450000,120000,60000,1200000,0,,type-based indicative estimate (dental)
col_r3_604f0f2f05c3,Dr. Ziauddin Ahmed Dental Universit College and y Hospital,GOVT,BDS,,50000,25000,15000,0,0,,type-based indicative estimate (dental)
col_6793523066,"Dr.Radhakrishnan Government Medical College, Hamirpur",GOVT,MBBS,,35000,25000,15000,0,0,,type-based indicative estimate (medical)
col_6867207698,"Dr.Radhakrishnan Government Medical College, Hamirpur, Dr.Radhakrishnan Government Medical College, Hamirpur",GOVT,MBBS,,35000,25000,15000,0,0,,type-based indicative estimate (medical)
col_2234387216,"ESI- MC&PGI MS&R, Banglore, ESICMC AND PGIMSR, Rajajinag ar, Bengalur u, Karnatak a",ESIC,MBBS,,30000,20000,10000,0,0,,type-based indicative estimate (medical)
col_3852009927,"ESI-MC&PGIMS&R, Banglore",ESIC,MBBS,,30000,20000,10000,0,0,,type-based indicative estimate (medical)
col_2520115098,"ESI-MC&PGIMS&R, Banglore, ESICMC AND PGIMSR",ESIC,MBBS,,30000,20000,10000,0,0,,type-based indicative estimate (medical)
col_6459799574,ESIC College of Nursing,ESIC,BSc Nursing,,20000,15000,8000,0,0,,type-based indicative estimate (nursing)
col_1715974162,"ESIC College of Nursing, Gulbarga",ESIC,BSc Nursing,,20000,15000,8000,0,0,,type-based indicative estimate (nursing)
col_2621659671,ESIC Dental College,ESIC,BDS,,450000,120000,60000,1200000,0,,type-based indicative estimate (dental)
col_6471127028,ESIC Dental College and Hospital,ESIC,BDS,,450000,120000,60000,1200000,0,,type-based indicative estimate (dental)
col_2282330156,ESIC Dental College and Hospital Rohini,ESIC,BDS,,450000,120000,60000,1200000,0,,type-based indicative estimate (dental)
col_2568159595,ESIC MEDICAL COLLEGE AND HOSPITAL,ESIC,MBBS,,30000,20000,10000,0,0,,type-based indicative estimate (medical)
col_0337006145,ESIC Medical College & Hospital,ESIC,MBBS,,30000,20000,10000,0,0,,type-based indicative estimate (medical)
col_6606425907,ESIC Medical College & Hospital,ESIC,MBBS,,30000,20000,10000,0,0,,type-based indicative estimate (medical)
col_9111651379,"ESIC Medical College AND PGIMSR, Chennai",ESIC,MBBS,,30000,20000,10000,0,0,,type-based indicative estimate (medical)
col_3715108267,ESIC Medical College and Hospital Varanasi,ESIC,MBBS,,30000,20000,10000,0,0,,type-based indicative estimate (medical)
col_5317829602,"ESIC Medical College, Faridabad",ESIC,MBBS,,30000,20000,10000,0,0,,type-based indicative estimate (medical)
col_0694905336,"ESIC Medical College, Faridabad, NH 3 NIT FARIDABAD",ESIC,MBBS,,30000,20000,10000,0,0,,type-based indicative estimate (medical)
col_8616154395,"ESIC Medical College, Gulbarga",ESIC,MBBS,,30000,20000,10000,0,0,,type-based indicative estimate (medical)
col_7816055414,"ESIC Medical College, Hyderbad",ESIC,MBBS,,30000,20000,10000,0,0,,type-based indicative estimate (medical)
col_7686433596,"ESIC PGIMSR, Joka, Kolkata, WB",ESIC,MBBS,,30000,20000,10000,0,0,,type-based indicative estimate (medical)
col_9763054039,Employees State Insurance Corporation Medical College,ESIC,MBBS,,30000,20000,10000,0,0,,type-based indicative estimate (medical)
col_2915421921,"FACULTY OF DEN SCI, KG MED UNIV, LUCKNOW",GOVT,MBBS,,35000,25000,15000,0,0,,type-based indicative estimate (medical)
col_3490762573,"Faculty of Dentistry, Jamia Millia Islamia",CENTRAL,BDS,,450000,120000,60000,1200000,0,,type-based indicative estimate (dental)
col_7143344168,"Fakhruddin Ali Ahmed Medical College, Barpeta",GOVT,MBBS,,35000,25000,15000,0,0,,type-based indicative estimate (medical)
col_ap_2c019c8fbbfe,"Fathima Institute of Medical Sciences, Kadapa",PRIVATE,MBBS,,1200000,150000,80000,3000000,0,,type-based indicative estimate (medical)
col_ap_7ce91c59ee4b,"Fathima Institute of Medical Sciences, Kadapa Dist. (Muslim Minority College)",PRIVATE,MBBS,,1200000,150000,80000,3000000,0,,type-based indicative estimate (medical)
col_6556034744,"G.S.V.M. MEDICAL COLLEGE, KANPUR",GOVT,MBBS,,35000,25000,15000,0,0,,type-based indicative estimate (medical)
col_5796223253,"GAJRA RAJA MEDICAL COLLEGE, GWALIOR",GOVT,MBBS,,35000,25000,15000,0,0,,type-based indicative estimate (medical)
col_4830720777,"GANDHI MEDICAL COLLEGE, BHOPAL",GOVT,MBBS,,35000,25000,15000,0,0,,type-based indicative estimate (medical)
col_3204043798,"GDC, PT.BDS UNIV.OF HEALTH SCI, ROHTAK",GOVT,MBBS,,35000,25000,15000,0,0,,type-based indicative estimate (medical)
col_2879687194,"GITAM Institue of Med. Sce. and Res., Visakhapatnam",PRIVATE,MBBS,,1200000,150000,80000,3000000,0,,type-based indicative estimate (medical)
col_6812004217,"GITAM Institue of Med. Sce. and Res., Visakhapatnam, Gandhi Institute of Technology and Management (GITAM), Rushikonda, Visakhapatnam",DEEMED,MBBS,,2200000,200000,100000,4000000,0,,type-based indicative estimate (medical)
col_1256453307,GMC DAUSA,GOVT,MBBS,,35000,25000,15000,0,0,,type-based indicative estimate (medical)
col_6640038059,"GMC DAUSA RAJAST HAN, GM C DAUSA MITRAP URA BHANDA REJ MOD DAUSA, Rajastha n",GOVT,MBBS,,35000,25000,15000,0,0,,type-based indicative estimate (medical)
col_2788147318,GMC Jangaon,GOVT,MBBS,,35000,25000,15000,0,0,,type-based indicative estimate (medical)
col_4438227481,"GMC Jangaon, gmc.jang aon@gm ail.com, Telangan a",GOVT,MBBS,,35000,25000,15000,0,0,,type-based indicative estimate (medical)
col_9969281956,"GMC Jangaon, gmc.jangaon@gmail.com",GOVT,MBBS,,35000,25000,15000,0,0,,type-based indicative estimate (medical)
col_4218225058,GMC KARAULI,GOVT,MBBS,,35000,25000,15000,0,0,,type-based indicative estimate (medical)
col_8342710001,"GMC Kamared dy, Office of the Principal, Governm ent Medical College Devanpal ly, Kamared dy, Telangan a, Telangan a",GOVT,MBBS,,35000,25000,15000,0,0,,type-based indicative estimate (medical)
col_9095827234,GMC Kamareddy,GOVT,MBBS,,35000,25000,15000,0,0,,type-based indicative estimate (medical)
col_6189336866,"GMC Kamareddy, Office of the Principal, Government Medical College Devanpally, Kamareddy",GOVT,MBBS,,35000,25000,15000,0,0,,type-based indicative estimate (medical)
col_3155442142,"GMC, Azamgarh, UP",GOVT,MBBS,,35000,25000,15000,0,0,,type-based indicative estimate (medical)
col_0202386065,"GMC, Manjeri",GOVT,MBBS,,35000,25000,15000,0,0,,type-based indicative estimate (medical)
col_8229233980,"GMC, Rajamahendravaram",GOVT,MBBS,,35000,25000,15000,0,0,,type-based indicative estimate (medical)
col_9864197300,"GMC, Rajamahendravaram, Government Medical College, D.No.55-4-1",GOVT,MBBS,,35000,25000,15000,0,0,,type-based indicative estimate (medical)
col_6410475870,"GMC, Rajamahendravaram, Government Medical College, Rajamahendravaram",GOVT,MBBS,,35000,25000,15000,0,0,,type-based indicative estimate (medical)
col_3740737747,"GMC, Shahjhan pur, AUT ONOMO US STATE MEDICA L COLLEG E ALLIED PANDIT RAM PRASAD BISMIL HOSPIT AL SHAHJA HANPUR UTTAR PRADES H",GOVT,MBBS,,35000,25000,15000,0,0,,type-based indicative estimate (medical)
col_9688460101,"GMC, Shahjhanpur",GOVT,MBBS,,35000,25000,15000,0,0,,type-based indicative estimate (medical)
col_8973812337,GMERS Medical College,GOVT,MBBS,,35000,25000,15000,0,0,,type-based indicative estimate (medical)
col_3559526794,"GMERS Medical College, Morbi",GOVT,MBBS,,35000,25000,15000,0,0,,type-based indicative estimate (medical)
col_0017450434,"GMERS Medical College, Morbi, Gibson middle school",GOVT,MBBS,,35000,25000,15000,0,0,,type-based indicative estimate (medical)
col_8565971055,"GMERS Medical College, Navsari",GOVT,MBBS,,35000,25000,15000,0,0,,type-based indicative estimate (medical)
col_8318434785,"GMERS Medical College, Navsari, Adarsh Nivasi Shala Campus",GOVT,MBBS,,35000,25000,15000,0,0,,type-based indicative estimate (medical)
col_8270732006,"GMERS Medical College, Navsari, Adarsh Nivasi Shala Campus, At- Khambhlav",GOVT,MBBS,,35000,25000,15000,0,0,,type-based indicative estimate (medical)
col_9550847583,"GMERS Medical College, Panchmahal Godhra",GOVT,MBBS,,35000,25000,15000,0,0,,type-based indicative estimate (medical)
col_5228355669,"GMERS Medical College, Panchmahal Godhra, Government Engineering College Campus",GOVT,MBBS,,35000,25000,15000,0,0,,type-based indicative estimate (medical)
col_7636748357,"GMERS Medical College, Rajpipla",GOVT,MBBS,,35000,25000,15000,0,0,,type-based indicative estimate (medical)
col_0322263110,"GMERS Medical College, Rajpipla, GMERS Medical College",GOVT,MBBS,,35000,25000,15000,0,0,,type-based indicative estimate (medical)
col_8454522845,"GOA DENTAL COLLEGE & HOSPITAL, GOA",GOVT,BDS,,50000,25000,15000,0,0,,type-based indicative estimate (dental)
col_1651708093,"GOA DENTAL COLLEGE & HOSPITAL, GOA,Bambolim,Goa, Goa, 403202",GOVT,BDS,,50000,25000,15000,0,0,,type-based indicative estimate (dental)
col_7006640196,"GOA MEDICAL COLLEGE, PANAJI",GOVT,MBBS,,35000,25000,15000,0,0,,type-based indicative estimate (medical)
col_8674422824,"GOA MEDICAL COLLEGE, PANAJI,RAJIV GANDHI MEDICAL COMPLEX, BAMBOLIM, GOA, Goa, 403202",GOVT,MBBS,,35000,25000,15000,0,0,,type-based indicative estimate (medical)
col_7481240637,"GOVER NMENT MEDICA L COLLEG E AND GENERA L HOSPIT AL, SATARA",GOVT,MBBS,,35000,25000,15000,0,0,,type-based indicative estimate (medical)
col_4705630635,"GOVER NMENT MEDICA L COLLEG E AND HOSPIT AL, CHANDI GAR, GO VERNM ENT MEDICA L COLLEG E AND HOSPIT AL",GOVT,MBBS,,35000,25000,15000,0,0,,type-based indicative estimate (medical)
col_0856589208,"GOVER NMENT MEDICA L COLLEG E Karimna gar Telangan a, The Principal, Governm ent Medical College Karimna gar",GOVT,MBBS,,35000,25000,15000,0,0,,type-based indicative estimate (medical)
col_6730998475,"GOVER NMENT MEDICA L COLLEG E, BUNDI, G OVT MEDICA L COLLEG E BUNDI, Rajastha n",GOVT,MBBS,,35000,25000,15000,0,0,,type-based indicative estimate (medical)
col_4877724587,"GOVER NMENT MEDICA L COLLEG E, SRIGAN GANAG AR, RAJAST HAN",GOVT,MBBS,,35000,25000,15000,0,0,,type-based indicative estimate (medical)
col_6523816035,GOVERMENT MEDICAL COLLEGE NANDURBAR MAHARARASTRA,GOVT,MBBS,,35000,25000,15000,0,0,,type-based indicative estimate (medical)
col_r3_8394af770a36,"GOVERNMEN T MEDICAL COLLEGE, MEDAK, PILLI KOTYAL, MEDAK MANDAL",GOVT,MBBS,,35000,25000,15000,0,0,,type-based indicative estimate (medical)
col_r3_786bc9970ba3,"GOVERNMEN T MEDICAL COLLEGE, SRIGANGAN AGAR",GOVT,MBBS,,35000,25000,15000,0,0,,type-based indicative estimate (medical)
col_9339230740,GOVERNMENT MEDICAL COLLEGE,GOVT,MBBS,,35000,25000,15000,0,0,,type-based indicative estimate (medical)
col_5859529946,GOVERNMENT MEDICAL COLLEGE AND GENERAL HOSPITAL,GOVT,MBBS,,35000,25000,15000,0,0,,type-based indicative estimate (medical)
col_0995379656,GOVERNMENT MEDICAL COLLEGE AND HOSPITAL,GOVT,MBBS,,35000,25000,15000,0,0,,type-based indicative estimate (medical)
col_0832175721,GOVERNMENT MEDICAL COLLEGE Karimnagar,GOVT,MBBS,,35000,25000,15000,0,0,,type-based indicative estimate (medical)
col_2418208491,GOVERNMENT MEDICAL COLLEGE MACHILIPATNAM,GOVT,MBBS,,35000,25000,15000,0,0,,type-based indicative estimate (medical)
col_6451604962,GOVERNMENT MEDICAL COLLEGE PURNEA,GOVT,MBBS,,35000,25000,15000,0,0,,type-based indicative estimate (medical)
col_1779835170,"GOVERNMENT MEDICAL COLLEGE PURNEA, govt.mcpurnea@gmail.com",GOVT,MBBS,,35000,25000,15000,0,0,,type-based indicative estimate (medical)
col_7968579166,"GOVERNMENT MEDICAL COLLEGE, AKOLA",GOVT,MBBS,,35000,25000,15000,0,0,,type-based indicative estimate (medical)
col_1829956448,"GOVERNMENT MEDICAL COLLEGE, ANANTNAG",GOVT,MBBS,,35000,25000,15000,0,0,,type-based indicative estimate (medical)
col_1117049835,"GOVERNMENT MEDICAL COLLEGE, BARAN",GOVT,MBBS,,35000,25000,15000,0,0,,type-based indicative estimate (medical)
col_8722805379,"GOVERNMENT MEDICAL COLLEGE, BUNDI",GOVT,MBBS,,35000,25000,15000,0,0,,type-based indicative estimate (medical)
col_4213905239,"GOVERNMENT MEDICAL COLLEGE, BUNDI, GOVT MEDICAL COLLEGE BUNDI",GOVT,MBBS,,35000,25000,15000,0,0,,type-based indicative estimate (medical)
col_7863477836,"GOVERNMENT MEDICAL COLLEGE, HANDWARA",GOVT,MBBS,,35000,25000,15000,0,0,,type-based indicative estimate (medical)
col_4817167170,"GOVERNMENT MEDICAL COLLEGE, HANDWARA, MAIDAN CHOGAL, HANDWARA, KUPWARA",GOVT,MBBS,,35000,25000,15000,0,0,,type-based indicative estimate (medical)
col_1816836098,"GOVERNMENT MEDICAL COLLEGE, LATUR",GOVT,MBBS,,35000,25000,15000,0,0,,type-based indicative estimate (medical)
col_6724722275,"GOVERNMENT MEDICAL COLLEGE, LATUR, Government Medical College, Latur",GOVT,MBBS,,35000,25000,15000,0,0,,type-based indicative estimate (medical)
col_2064943481,"GOVERNMENT MEDICAL COLLEGE, MIRAJ",GOVT,MBBS,,35000,25000,15000,0,0,,type-based indicative estimate (medical)
col_3873646149,"GOVERNMENT MEDICAL COLLEGE, OSMANABAD",GOVT,MBBS,,35000,25000,15000,0,0,,type-based indicative estimate (medical)
col_5028277631,"GOVERNMENT MEDICAL COLLEGE, OSMANABAD, New Building",GOVT,MBBS,,35000,25000,15000,0,0,,type-based indicative estimate (medical)
col_1787862665,"GOVERNMENT MEDICAL COLLEGE, RAJOURI",GOVT,MBBS,,35000,25000,15000,0,0,,type-based indicative estimate (medical)
col_7883548211,"GOVERNMENT MEDICAL COLLEGE, RAJOURI, Government Medical College, Kheora, Mehra, Rajouri",GOVT,MBBS,,35000,25000,15000,0,0,,type-based indicative estimate (medical)
col_3359893434,"GOVERNMENT MEDICAL COLLEGE, SANGAREDDY",GOVT,MBBS,,35000,25000,15000,0,0,,type-based indicative estimate (medical)
col_9749700828,"GOVERNMENT MEDICAL COLLEGE, SURAT",GOVT,MBBS,,35000,25000,15000,0,0,,type-based indicative estimate (medical)
col_3529708158,"GOVERNMENT MEDICAL COLLEGE, SURAT, Out Side Majura Gate",GOVT,MBBS,,35000,25000,15000,0,0,,type-based indicative estimate (medical)
col_2695529638,GOVT DEN COLL DENTAL WING PATIALA,GOVT,BDS,,50000,25000,15000,0,0,,type-based indicative estimate (dental)
col_0267265531,GOVT DENTAL COLLEGE Kannur,GOVT,BDS,,50000,25000,15000,0,0,,type-based indicative estimate (dental)
col_8630811012,GOVT MEDICAL COLLEGE VIZIANAGARAM,GOVT,MBBS,,35000,25000,15000,0,0,,type-based indicative estimate (medical)
col_3338884643,"GOVT MEDICAL COLLEGE, WANAPARTHY",GOVT,MBBS,,35000,25000,15000,0,0,,type-based indicative estimate (medical)
col_4703280138,"GOVT MEDICAL COLLEGE, WANAPARTHY, Marrikunta",GOVT,MBBS,,35000,25000,15000,0,0,,type-based indicative estimate (medical)
col_6094367423,"GOVT. COLLEGE OF DENTISTRY, INDORE",GOVT,BDS,,50000,25000,15000,0,0,,type-based indicative estimate (dental)
col_6553610430,"GOVT. D.C. & RESEAR CH INST, BA NGALOR E, FORT, VICTORI A HOSPIT AL CAMPU S, BANGAL ORE, Karnatak a",GOVT,MBBS,,35000,25000,15000,0,0,,type-based indicative estimate (medical)
col_8315996797,"GOVT. D.C. & RESEARCH INST, BANGALO RE",GOVT,MBBS,,35000,25000,15000,0,0,,type-based indicative estimate (medical)
col_8321763439,"GOVT. D.C. & RESEARCH INST, BANGALORE, FORT",GOVT,MBBS,,35000,25000,15000,0,0,,type-based indicative estimate (medical)
col_9226031073,"GOVT. DC & RESEARCH INSt., BELLARY",GOVT,MBBS,,35000,25000,15000,0,0,,type-based indicative estimate (medical)
col_2799290490,GOVT. DENTAL COLL.& HOSP.,GOVT,BDS,,50000,25000,15000,0,0,,type-based indicative estimate (dental)
col_2568143895,GOVT. DENTAL COLLEGE,GOVT,BDS,,50000,25000,15000,0,0,,type-based indicative estimate (dental)
col_2356691212,GOVT. DENTAL COLLEGE,GOVT,BDS,,50000,25000,15000,0,0,,type-based indicative estimate (dental)
col_3134606873,GOVT. DENTAL COLLEGE,GOVT,BDS,,50000,25000,15000,0,0,,type-based indicative estimate (dental)
col_2124132702,GOVT. DENTAL COLLEGE & HOSP,GOVT,BDS,,50000,25000,15000,0,0,,type-based indicative estimate (dental)
col_7229256423,GOVT. DENTAL COLLEGE & HOSP.,GOVT,BDS,,50000,25000,15000,0,0,,type-based indicative estimate (dental)
col_6170191065,"GOVT. DHARAMAPURI MED COLL, DHARMAPURI",GOVT,MBBS,,35000,25000,15000,0,0,,type-based indicative estimate (medical)
col_4185312406,"GOVT. KILPAUK MEDICAL COLLEGE, CHENNAI",GOVT,MBBS,,35000,25000,15000,0,0,,type-based indicative estimate (medical)
col_4357108391,"GOVT. KILPAUK MEDICAL COLLEGE, CHENNAI, No. 822, EVR Periyar salai, Kilpauk, Chennai",GOVT,MBBS,,35000,25000,15000,0,0,,type-based indicative estimate (medical)
col_5809857392,"GOVT. MEDICAL COLLEGE, AUR ANGABAD",GOVT,MBBS,,35000,25000,15000,0,0,,type-based indicative estimate (medical)
col_6662194939,"GOVT. MEDICAL COLLEGE, AURANGABAD, Government Medical College, Aurangabad, Jubli Park",GOVT,MBBS,,35000,25000,15000,0,0,,type-based indicative estimate (medical)
col_5035616844,"GOVT. MEDICAL COLLEGE, KOTTAYAM",GOVT,MBBS,,35000,25000,15000,0,0,,type-based indicative estimate (medical)
col_5196301388,"GOVT. MEDICAL COLLEGE, KOZHIKODE",GOVT,MBBS,,35000,25000,15000,0,0,,type-based indicative estimate (medical)
col_0360256937,"GOVT. MEDICAL COLLEGE, KOZHIKODE, Principal, Govt. Medical College",GOVT,MBBS,,35000,25000,15000,0,0,,type-based indicative estimate (medical)
col_7281381075,"GOVT. MEDICAL COLLEGE, NAGPUR",GOVT,MBBS,,35000,25000,15000,0,0,,type-based indicative estimate (medical)
col_9252370077,"GOVT. MEDICAL COLLEGE, PATIALA",GOVT,MBBS,,35000,25000,15000,0,0,,type-based indicative estimate (medical)
col_9577054311,"GOVT. MEDICAL COLLEGE, TIRUNEL VELI",GOVT,MBBS,,35000,25000,15000,0,0,,type-based indicative estimate (medical)
col_1617823163,"GOVT. MEDICAL COLLEGE, TIRUNELVELI, DEAN, TIRUNELVELI MEDICAL COLLEGE, HIGHGROUND, TIRUNELVELI-11",GOVT,MBBS,,35000,25000,15000,0,0,,type-based indicative estimate (medical)
col_7256618007,"GOVT. MOHAN KUMARAMANG ALAM M.C., SALEM",GOVT,MBBS,,35000,25000,15000,0,0,,type-based indicative estimate (medical)
col_1831634759,"GOVT. MOHAN KUMARAMANGALAM M.C., SALEM, MAJEERA KOLLAPPATTI",GOVT,MBBS,,35000,25000,15000,0,0,,type-based indicative estimate (medical)
col_3000916779,"GOVT. VELLORE MEDICAL COLLEGE, VELLORE",GOVT,MBBS,,35000,25000,15000,0,0,,type-based indicative estimate (medical)
col_7055267354,"GOVT.MEDICAL COLLEGE, AMRITSAR",GOVT,MBBS,,35000,25000,15000,0,0,,type-based indicative estimate (medical)
col_5856458934,"GOVT.MEDICAL COLLEGE, KOTA",GOVT,MBBS,,35000,25000,15000,0,0,,type-based indicative estimate (medical)
col_6809160353,"GOVT.MEDICAL COLLEGE, THIRUVA NANTHAPURAM",GOVT,MBBS,,35000,25000,15000,0,0,,type-based indicative estimate (medical)
col_7452542795,"GOVT.MEDICAL COLLEGE, THIRUVANANTHAPURAM, OFFICE OF THE PRINCIPAL, GOVT.MEDICAL COLLEGE THIRUVANANTHAPURAM",GOVT,MBBS,,35000,25000,15000,0,0,,type-based indicative estimate (medical)
col_6114853086,"GOVT.MEDICAL COLLEGE, THRISSUR",GOVT,MBBS,,35000,25000,15000,0,0,,type-based indicative estimate (medical)
col_2002071114,"GOVT.MEDICAL COLLEGE, THRISSUR, Govt.Medical College, Thrissur",GOVT,MBBS,,35000,25000,15000,0,0,,type-based indicative estimate (medical)
col_8868688438,"GRANT MEDICAL COLL & SIR J.J.HOSP, MUMBAI",GOVT,MBBS,,35000,25000,15000,0,0,,type-based indicative estimate (medical)
col_ap_8478c19ee27c,"GSL Medical College, Rajamahendravaram",PRIVATE,MBBS,,1200000,150000,80000,3000000,0,,type-based indicative estimate (medical)
col_6295131267,"GTMC, THIRUVARUR",GOVT,MBBS,,35000,25000,15000,0,0,,type-based indicative estimate (medical)
col_2895133062,"GTMC, THIRUVARUR, MASTER PLAN COMPLEX, VILAMAL VILLAGE, THIRUVARUR",GOVT,MBBS,,35000,25000,15000,0,0,,type-based indicative estimate (medical)
col_1441450701,"GUNTUR MEDICAL COLLEGE, GUNTUR",GOVT,MBBS,,35000,25000,15000,0,0,,type-based indicative estimate (medical)
col_8643630502,"GURU GOVIND SINGH MED COLL, FARIDKOT",GOVT,MBBS,,35000,25000,15000,0,0,,type-based indicative estimate (medical)
col_9690174225,"GUWAHATI MEDICAL COLLEGE, GUWAHATI",GOVT,MBBS,,35000,25000,15000,0,0,,type-based indicative estimate (medical)
col_3186370977,"GUWAHATI MEDICAL COLLEGE, GUWAHATI, Narakasur Hill top, Bhangagarh, Guwahati",GOVT,MBBS,,35000,25000,15000,0,0,,type-based indicative estimate (medical)
col_2192827635,"GVMC, VILLUPURAM",GOVT,MBBS,,35000,25000,15000,0,0,,type-based indicative estimate (medical)
col_1221641310,"GVMC, VILLUPURAM, THE DEAN, GOVT. VILLUPURAM MEDICAL COLLEGE",GOVT,MBBS,,35000,25000,15000,0,0,,type-based indicative estimate (medical)
col_1601226733,Gadag Institute of Medical Sciences,GOVT,MBBS,,35000,25000,15000,0,0,,type-based indicative estimate (medical)
col_2904015338,"Gadag Institute of Medical Sciences, GADAG INSTITU TE OF MEDICA L SCIENC ES GADAG Mallasa mudra, G adag- 582103, Karnatak a",GOVT,MBBS,,35000,25000,15000,0,0,,type-based indicative estimate (medical)
col_7182348054,"Gadag Institute of Medical Sciences, GADAG INSTITUTE OF MEDICAL SCIENCES GADAG Mallasamudra, Gadag-582103",GOVT,MBBS,,35000,25000,15000,0,0,,type-based indicative estimate (medical)
col_6731706130,"Gandhi Medical College Musheer abad Secunde rabad, M USHEER ABAD, SECUND ERABAD, Telangan a",GOVT,MBBS,,35000,25000,15000,0,0,,type-based indicative estimate (medical)
col_0291701422,Gandhi Medical College Musheerabad Secunderabad,GOVT,MBBS,,35000,25000,15000,0,0,,type-based indicative estimate (medical)
col_6402532463,"Gandhi Medical College Musheerabad Secunderabad, MUSHEERABAD, SECUNDERABAD",GOVT,MBBS,,35000,25000,15000,0,0,,type-based indicative estimate (medical)
col_3576246380,"Gmc, Bahraich",GOVT,MBBS,,35000,25000,15000,0,0,,type-based indicative estimate (medical)
col_7080864956,Goverment Dental College & Hospital,GOVT,BDS,,50000,25000,15000,0,0,,type-based indicative estimate (dental)
col_5700313569,Goverment Medical College And Hospital Jalgaon,GOVT,MBBS,,35000,25000,15000,0,0,,type-based indicative estimate (medical)
col_9809023510,"Goverment Medical College, Bettiah",GOVT,MBBS,,35000,25000,15000,0,0,,type-based indicative estimate (medical)
col_0963470112,"Goverment Medical College, Bettiah, Government Medical College Bettiah West Champaran",GOVT,MBBS,,35000,25000,15000,0,0,,type-based indicative estimate (medical)
col_3363997314,"Goverment Medical College, Datia",GOVT,MBBS,,35000,25000,15000,0,0,,type-based indicative estimate (medical)
col_r3_eee0e60d0b8b,"Goverment Medical College, Gadchiroli, Gov ernment Medical College",GOVT,MBBS,,35000,25000,15000,0,0,,type-based indicative estimate (medical)
col_8187169308,"Goverment Medical College, Singrauli, Goverment Medical College, Villege Naugadh, Singrauli",GOVT,MBBS,,35000,25000,15000,0,0,,type-based indicative estimate (medical)
col_1893860683,"Governm ent Medcial College, Gondia, N EAR NEHRU CHOWK, K.T.S. HOSPIT AL CAMPU S, GONDIA., Maharas htra",GOVT,MBBS,,35000,25000,15000,0,0,,type-based indicative estimate (medical)
col_8241772370,Governm ent Medical College Mahasa mund Chhattisg arh,GOVT,MBBS,,35000,25000,15000,0,0,,type-based indicative estimate (medical)
col_8823971910,"Governm ent Medical College Satna, Satna",GOVT,MBBS,,35000,25000,15000,0,0,,type-based indicative estimate (medical)
col_6898036817,"Governm ent Medical College Siddipet, Survey No 54, Ensanpal li Village, Siddipet Mandal, Siddipet, Telangan a",GOVT,MBBS,,35000,25000,15000,0,0,,type-based indicative estimate (medical)
col_1989413054,"Governm ent Medical College, Kanker, Chhattisg arh, GOV ERNME NT MEDICA L COLLEG E NANDAN MARA KANKER, Chhattisg arh",GOVT,MBBS,,35000,25000,15000,0,0,,type-based indicative estimate (medical)
col_9225966066,"Governm ent Medical College, Mancheri al, Gover nment Medical College 708 Garmilla Village, Mancheri al Tehsil Mancheri al., Telangan a",GOVT,MBBS,,35000,25000,15000,0,0,,type-based indicative estimate (medical)
col_9014782800,"Governm ent Medical College, Ramagu ndam, SU RVEY NUMBE R 92 95 96 MALKAP UR VILLAGE RAMAG UNDAM, Telangan a",GOVT,MBBS,,35000,25000,15000,0,0,,type-based indicative estimate (medical)
col_7455944230,"Governm ent Medical College, Sindhudu rg, Dean Governm ent Medical College Sindhudu rg, Maharas htra",GOVT,MBBS,,35000,25000,15000,0,0,,type-based indicative estimate (medical)
col_7622676873,"Governm ent Medical College, Virudhun agar, No. 1, COLLEC TORATE MASTER PLAN COMPLE X KOORAI KUNDU VILLAGE, VIRUDH UNAGA R.",GOVT,MBBS,,35000,25000,15000,0,0,,type-based indicative estimate (medical)
col_8956415981,Government Dental College,GOVT,BDS,,50000,25000,15000,0,0,,type-based indicative estimate (dental)
col_1052114728,Government Dental College,GOVT,BDS,,50000,25000,15000,0,0,,type-based indicative estimate (dental)
col_5259069103,Government Dental College,GOVT,BDS,,50000,25000,15000,0,0,,type-based indicative estimate (dental)
col_8386431989,Government Dental College & Hospital,GOVT,BDS,,50000,25000,15000,0,0,,type-based indicative estimate (dental)
col_9019344783,Government Dental College Dibrugarh,GOVT,BDS,,50000,25000,15000,0,0,,type-based indicative estimate (dental)
col_9749575176,Government Dental College Hyderabad,GOVT,BDS,,50000,25000,15000,0,0,,type-based indicative estimate (dental)
col_0120634046,Government Dental College and Hospital,GOVT,BDS,,50000,25000,15000,0,0,,type-based indicative estimate (dental)
col_2037182824,Government DentalCollege and Hospital Paithna Bhaganbigha Rahui Nalanda,GOVT,BDS,,50000,25000,15000,0,0,,type-based indicative estimate (dental)
col_0241149169,"Government Doon Medcial College, Dehradun",GOVT,MBBS,,35000,25000,15000,0,0,,type-based indicative estimate (medical)
col_9120127615,"Government Doon Medcial College, Dehradun, Government Doon Medical College",GOVT,MBBS,,35000,25000,15000,0,0,,type-based indicative estimate (medical)
col_2782905264,"Government Medcial College, Gondia",GOVT,MBBS,,35000,25000,15000,0,0,,type-based indicative estimate (medical)
col_4497660519,Government Medical College,GOVT,MBBS,,35000,25000,15000,0,0,,type-based indicative estimate (medical)
col_9648087053,Government Medical College,GOVT,MBBS,,35000,25000,15000,0,0,,type-based indicative estimate (medical)
col_8685784522,Government Medical College & Hospital,GOVT,MBBS,,35000,25000,15000,0,0,,type-based indicative estimate (medical)
col_0864377850,Government Medical College & Hospital,GOVT,MBBS,,35000,25000,15000,0,0,,type-based indicative estimate (medical)
col_3907939723,Government Medical College Chittorgarh,GOVT,MBBS,,35000,25000,15000,0,0,,type-based indicative estimate (medical)
col_2802874307,Government Medical College Khaleelwadi,GOVT,MBBS,,35000,25000,15000,0,0,,type-based indicative estimate (medical)
col_4233131639,Government Medical College Mahasamund,GOVT,MBBS,,35000,25000,15000,0,0,,type-based indicative estimate (medical)
col_0839783467,Government Medical College Narsampet,GOVT,MBBS,,35000,25000,15000,0,0,,type-based indicative estimate (medical)
col_9788645904,Government Medical College Nirmal,GOVT,MBBS,,35000,25000,15000,0,0,,type-based indicative estimate (medical)
col_8880783075,Government Medical College Satna,GOVT,MBBS,,35000,25000,15000,0,0,,type-based indicative estimate (medical)
col_6521617603,Government Medical College Siddipet,GOVT,MBBS,,35000,25000,15000,0,0,,type-based indicative estimate (medical)
col_3610840380,"Government Medical College Siddipet, Survey No 54, Ensanpalli Village, Siddipet Mandal, Siddipet",GOVT,MBBS,,35000,25000,15000,0,0,,type-based indicative estimate (medical)
col_7371258969,Government Medical College Suryapet,GOVT,MBBS,,35000,25000,15000,0,0,,type-based indicative estimate (medical)
col_9372412320,Government Medical College and District General Hospital,GOVT,MBBS,,35000,25000,15000,0,0,,type-based indicative estimate (medical)
col_6968481762,Government Medical College and ESIC Hospital,ESIC,MBBS,,30000,20000,10000,0,0,,type-based indicative estimate (medical)
col_9585502967,Government Medical College and Hospital,GOVT,MBBS,,35000,25000,15000,0,0,,type-based indicative estimate (medical)
col_1074462969,"Government Medical College, Amravati",GOVT,MBBS,,35000,25000,15000,0,0,,type-based indicative estimate (medical)
col_ap_e3ee0f99f54e,"Government Medical College, Anantapur",GOVT,MBBS,,35000,25000,15000,0,0,,type-based indicative estimate (medical)
col_7835045242,"Government Medical College, Ananthapuram",GOVT,MBBS,,35000,25000,15000,0,0,,type-based indicative estimate (medical)
col_7417537774,"Government Medical College, Ariyalur",GOVT,MBBS,,35000,25000,15000,0,0,,type-based indicative estimate (medical)
col_9847916821,"Government Medical College, BULDHANA",GOVT,MBBS,,35000,25000,15000,0,0,,type-based indicative estimate (medical)
col_1823894079,"Government Medical College, Banswara",GOVT,MBBS,,35000,25000,15000,0,0,,type-based indicative estimate (medical)
col_3211127577,"Government Medical College, Baramulla",GOVT,MBBS,,35000,25000,15000,0,0,,type-based indicative estimate (medical)
col_9173428976,"Government Medical College, Baramulla, Kanth Bagh Baramulla",GOVT,MBBS,,35000,25000,15000,0,0,,type-based indicative estimate (medical)
col_8006696721,"Government Medical College, Bhadradri, Kothagudem",GOVT,MBBS,,35000,25000,15000,0,0,,type-based indicative estimate (medical)
col_r3_c8be2995a9e3,"Government Medical College, Bhadradri, Kothagudem, B esides Sammakka Saarakka temple",GOVT,MBBS,,35000,25000,15000,0,0,,type-based indicative estimate (medical)
col_r3_dda43f380cd8,"Government Medical College, Bhandara",GOVT,MBBS,,35000,25000,15000,0,0,,type-based indicative estimate (medical)
col_1176942218,"Government Medical College, Bhilwara",GOVT,MBBS,,35000,25000,15000,0,0,,type-based indicative estimate (medical)
col_5022402190,"Government Medical College, Churachandpur",GOVT,MBBS,,35000,25000,15000,0,0,,type-based indicative estimate (medical)
col_2145456704,"Government Medical College, Churachandpur, Hiangtam Lamka",GOVT,MBBS,,35000,25000,15000,0,0,,type-based indicative estimate (medical)
col_0678349275,"Government Medical College, Dholpur",GOVT,MBBS,,35000,25000,15000,0,0,,type-based indicative estimate (medical)
col_4589019407,"Government Medical College, Dindigul",GOVT,MBBS,,35000,25000,15000,0,0,,type-based indicative estimate (medical)
col_3547799443,"Government Medical College, Doda",GOVT,MBBS,,35000,25000,15000,0,0,,type-based indicative estimate (medical)
col_5473111566,"Government Medical College, ESIC, Kollam",ESIC,MBBS,,30000,20000,10000,0,0,,type-based indicative estimate (medical)
col_3094699436,"Government Medical College, ESIC, Kollam, Parippally Kollam 691574",ESIC,MBBS,,30000,20000,10000,0,0,,type-based indicative estimate (medical)
col_1652135452,"Government Medical College, Eluru",GOVT,MBBS,,35000,25000,15000,0,0,,type-based indicative estimate (medical)
col_1186641519,"Government Medical College, Eluru, SURVEY NO 60",GOVT,MBBS,,35000,25000,15000,0,0,,type-based indicative estimate (medical)
col_8777395105,"Government Medical College, Hanumangarh",GOVT,MBBS,,35000,25000,15000,0,0,,type-based indicative estimate (medical)
col_r3_63cdf4690f7a,"Government Medical College, Hingoli, Govern ment Medical College",GOVT,MBBS,,35000,25000,15000,0,0,,type-based indicative estimate (medical)
col_5921823810,"Government Medical College, Jagtial",GOVT,MBBS,,35000,25000,15000,0,0,,type-based indicative estimate (medical)
col_4667991794,"Government Medical College, Jagtial, Government Medical College, Jagtial, Jagtial Village, Jagtial Tehsil",GOVT,MBBS,,35000,25000,15000,0,0,,type-based indicative estimate (medical)
col_5101520878,"Government Medical College, Jaisalmer, NH68",GOVT,MBBS,,35000,25000,15000,0,0,,type-based indicative estimate (medical)
col_r3_10ed879ff781,"Government Medical College, Jalna",GOVT,MBBS,,35000,25000,15000,0,0,,type-based indicative estimate (medical)
col_2956043252,"Government Medical College, Jalna, Government Medical College, Global Gurukul School, in front of Sushiladevi Lawns, Ambad-Mantha Bypas",GOVT,MBBS,,35000,25000,15000,0,0,,type-based indicative estimate (medical)
col_7151900317,"Government Medical College, Jhunjhunu",GOVT,MBBS,,35000,25000,15000,0,0,,type-based indicative estimate (medical)
col_ap_fe1097c4f9d5,"Government Medical College, Kadapa",GOVT,MBBS,,35000,25000,15000,0,0,,type-based indicative estimate (medical)
col_5477111001,"Government Medical College, Kallakurichi",GOVT,MBBS,,35000,25000,15000,0,0,,type-based indicative estimate (medical)
col_6694618290,"Government Medical College, Kallakurichi, S.NO 251",GOVT,MBBS,,35000,25000,15000,0,0,,type-based indicative estimate (medical)
col_3368938106,"Government Medical College, Kanker",GOVT,MBBS,,35000,25000,15000,0,0,,type-based indicative estimate (medical)
col_4088589535,"Government Medical College, Kasaragod",GOVT,MBBS,,35000,25000,15000,0,0,,type-based indicative estimate (medical)
col_9485302408,"Government Medical College, Kathua",GOVT,MBBS,,35000,25000,15000,0,0,,type-based indicative estimate (medical)
col_6126004904,"Government Medical College, Kathua, Chak Sajjan Kathua",GOVT,MBBS,,35000,25000,15000,0,0,,type-based indicative estimate (medical)
col_3408570730,"Government Medical College, Khammam",GOVT,MBBS,,35000,25000,15000,0,0,,type-based indicative estimate (medical)
col_7527324079,"Government Medical College, Kodangal, Survey Number 51, Kokat",GOVT,MBBS,,35000,25000,15000,0,0,,type-based indicative estimate (medical)
col_1615620448,"Government Medical College, Konni",GOVT,MBBS,,35000,25000,15000,0,0,,type-based indicative estimate (medical)
col_4223988113,"Government Medical College, Korba(C.G.)",GOVT,MBBS,,35000,25000,15000,0,0,,type-based indicative estimate (medical)
col_6870857642,"Government Medical College, Korba(C.G.), Govt. Medical College, Village Jhagrha",GOVT,MBBS,,35000,25000,15000,0,0,,type-based indicative estimate (medical)
col_3613782506,"Government Medical College, Krishnagiri",GOVT,MBBS,,35000,25000,15000,0,0,,type-based indicative estimate (medical)
col_2370407096,"Government Medical College, Krishnagiri, Block-1",GOVT,MBBS,,35000,25000,15000,0,0,,type-based indicative estimate (medical)
col_7071840950,"Government Medical College, Mahabubabad",GOVT,MBBS,,35000,25000,15000,0,0,,type-based indicative estimate (medical)
col_3383518650,"Government Medical College, Mahabubabad, Government Medical College, Mahabubabad",GOVT,MBBS,,35000,25000,15000,0,0,,type-based indicative estimate (medical)
col_r3_ce61373a837b,"Government Medical College, Mahabubanga r, Government Medical College Mahabubnaga r, Thirumala Hills",GOVT,MBBS,,35000,25000,15000,0,0,,type-based indicative estimate (medical)
col_7806053405,"Government Medical College, Mahabubangar",GOVT,MBBS,,35000,25000,15000,0,0,,type-based indicative estimate (medical)
col_7745663067,"Government Medical College, Maheshwaram",GOVT,MBBS,,35000,25000,15000,0,0,,type-based indicative estimate (medical)
col_8024789290,"Government Medical College, Mancherial",GOVT,MBBS,,35000,25000,15000,0,0,,type-based indicative estimate (medical)
col_0804019388,"Government Medical College, Mancherial, Government Medical College 708 Garmilla Village, Mancherial Tehsil Mancherial.",GOVT,MBBS,,35000,25000,15000,0,0,,type-based indicative estimate (medical)
col_r3_d9644ee1e9c5,"Government Medical College, Mumbai",GOVT,MBBS,,35000,25000,15000,0,0,,type-based indicative estimate (medical)
col_2677413754,"Government Medical College, Nagapattinam",GOVT,MBBS,,35000,25000,15000,0,0,,type-based indicative estimate (medical)
col_6137412815,"Government Medical College, Nagapattinam, NO.1, MANALMEDU, ORATHUR VILLAGE, NAGAPATTINAM TK",GOVT,MBBS,,35000,25000,15000,0,0,,type-based indicative estimate (medical)
col_ap_5e763a2b669f,"Government Medical College, Nandyal",GOVT,MBBS,,35000,25000,15000,0,0,,type-based indicative estimate (medical)
col_3958307328,"Government Medical College, Narayanpet",GOVT,MBBS,,35000,25000,15000,0,0,,type-based indicative estimate (medical)
col_r3_4d409a3c31ee,"Government Medical College, Nashik",GOVT,MBBS,,35000,25000,15000,0,0,,type-based indicative estimate (medical)
col_8241578334,"Government Medical College, Nilgiris",GOVT,MBBS,,35000,25000,15000,0,0,,type-based indicative estimate (medical)
col_8773659724,"Government Medical College, Nilgiris, No. 1",GOVT,MBBS,,35000,25000,15000,0,0,,type-based indicative estimate (medical)
col_1420451742,"Government Medical College, Omandurar",GOVT,MBBS,,35000,25000,15000,0,0,,type-based indicative estimate (medical)
col_2145262587,"Government Medical College, Omandurar, GOVERNMENT MEDICAL COLLEGE, OMANDURAR GOVERNMENT ESTATE",GOVT,MBBS,,35000,25000,15000,0,0,,type-based indicative estimate (medical)
col_ap_839b7c027a7d,"Government Medical College, Ongole",GOVT,MBBS,,35000,25000,15000,0,0,,type-based indicative estimate (medical)
col_ap_3d65bc3f7f75,"Government Medical College, Paderu",GOVT,MBBS,,35000,25000,15000,0,0,,type-based indicative estimate (medical)
col_4896652744,"Government Medical College, Pali",GOVT,MBBS,,35000,25000,15000,0,0,,type-based indicative estimate (medical)
col_r3_b392f81eb233,"Government Medical College, Pali, NH- 62, SumerpurR oad, Ramasia. Hemawas, Pali",GOVT,MBBS,,35000,25000,15000,0,0,,type-based indicative estimate (medical)
col_2097284541,"Government Medical College, Pali, NH-62",GOVT,MBBS,,35000,25000,15000,0,0,,type-based indicative estimate (medical)
col_8595613553,"Government Medical College, Parbhani",GOVT,MBBS,,35000,25000,15000,0,0,,type-based indicative estimate (medical)
col_1747892742,"Government Medical College, Parbhani, ITI CAMPUS",GOVT,MBBS,,35000,25000,15000,0,0,,type-based indicative estimate (medical)
col_5534484684,"Government Medical College, Quthbullapur, Government Medical College Quthbullapur",GOVT,MBBS,,35000,25000,15000,0,0,,type-based indicative estimate (medical)
col_ap_ad286bf2c292,"Government Medical College, Rajamahendravaram",GOVT,MBBS,,35000,25000,15000,0,0,,type-based indicative estimate (medical)
col_6345237094,"Government Medical College, Rajnandgaon",GOVT,MBBS,,35000,25000,15000,0,0,,type-based indicative estimate (medical)
col_9114520844,"Government Medical College, Ramagundam",GOVT,MBBS,,35000,25000,15000,0,0,,type-based indicative estimate (medical)
col_7323255594,"Government Medical College, Ramagundam, SURVEY NUMBER 92 95 96 MALKAPUR VILLAGE RAMAGUNDAM",GOVT,MBBS,,35000,25000,15000,0,0,,type-based indicative estimate (medical)
col_7617882860,"Government Medical College, Ramanathapuram",GOVT,MBBS,,35000,25000,15000,0,0,,type-based indicative estimate (medical)
col_4636014461,"Government Medical College, Ramanathapuram, No 1, Patinamkathan, Collectorate Backside, Ramanathapuram.",GOVT,MBBS,,35000,25000,15000,0,0,,type-based indicative estimate (medical)
col_7374662340,"Government Medical College, Sawai Madhopur, Government Medical College, Sawai Madhopur Village Thingla, Sawai Madhopur",GOVT,MBBS,,35000,25000,15000,0,0,,type-based indicative estimate (medical)
col_7410914873,"Government Medical College, Seoni",GOVT,MBBS,,35000,25000,15000,0,0,,type-based indicative estimate (medical)
col_5885395340,"Government Medical College, Sindhudurg",GOVT,MBBS,,35000,25000,15000,0,0,,type-based indicative estimate (medical)
col_4319105440,"Government Medical College, Sindhudurg, Dean Government Medical College Sindhudurg",GOVT,MBBS,,35000,25000,15000,0,0,,type-based indicative estimate (medical)
col_0223318174,"Government Medical College, Sundargarh",GOVT,MBBS,,35000,25000,15000,0,0,,type-based indicative estimate (medical)
col_5688080833,"Government Medical College, Sundargarh, At-Chitabhanga",GOVT,MBBS,,35000,25000,15000,0,0,,type-based indicative estimate (medical)
col_6661527199,"Government Medical College, Thiruvallur",GOVT,MBBS,,35000,25000,15000,0,0,,type-based indicative estimate (medical)
col_0794387546,"Government Medical College, Thiruvallur, BLOCK 1 MASTER PLAN COMPLEX THIRUVALLUR COLLECTORATE PERUMBAKKAM VILLAGE THIRUVALLUR",GOVT,MBBS,,35000,25000,15000,0,0,,type-based indicative estimate (medical)
col_2253676087,"Government Medical College, Tiruppur",GOVT,MBBS,,35000,25000,15000,0,0,,type-based indicative estimate (medical)
col_ap_31084dd8d23d,"Government Medical College, Vizianagaram",GOVT,MBBS,,35000,25000,15000,0,0,,type-based indicative estimate (medical)
col_r3_bba3ea9c2630,"Government Medical College, Washim, Gover nment Medical College",GOVT,MBBS,,35000,25000,15000,0,0,,type-based indicative estimate (medical)
col_9809132627,"Government Medical College, Yadadri, PAGADIPALLY BHONGIR YADADRI BHUVANAGIRI",GOVT,MBBS,,35000,25000,15000,0,0,,type-based indicative estimate (medical)
col_ap_499c208bc8f9,"Government Medical College,Srikakulam",GOVT,MBBS,,35000,25000,15000,0,0,,type-based indicative estimate (medical)
col_r3_9cc588ba0c80,"Government Medical college, Ambernath",GOVT,MBBS,,35000,25000,15000,0,0,,type-based indicative estimate (medical)
col_0117628720,"Government Medical college, Ambernath, Survey No.128",GOVT,MBBS,,35000,25000,15000,0,0,,type-based indicative estimate (medical)
col_r3_0ad4156b682d,"Government Medical college, Haridwar",GOVT,MBBS,,35000,25000,15000,0,0,,type-based indicative estimate (medical)
col_6332815260,"Government medical College, Namakkal",GOVT,MBBS,,35000,25000,15000,0,0,,type-based indicative estimate (medical)
col_0972157379,Government of Medical College and Hospital,GOVT,MBBS,,35000,25000,15000,0,0,,type-based indicative estimate (medical)
col_0634294840,Govt Dental College RIMS Kadapa,GOVT,BDS,,50000,25000,15000,0,0,,type-based indicative estimate (dental)
col_3290808189,Govt Medical College,GOVT,MBBS,,35000,25000,15000,0,0,,type-based indicative estimate (medical)
col_1710497109,Govt Medical College Badaun,GOVT,MBBS,,35000,25000,15000,0,0,,type-based indicative estimate (medical)
col_8359860840,Govt Medical College Baramati,GOVT,MBBS,,35000,25000,15000,0,0,,type-based indicative estimate (medical)
col_6390902753,Govt Medical College Barmer,GOVT,MBBS,,35000,25000,15000,0,0,,type-based indicative estimate (medical)
col_4140590270,"Govt Medical College Barmer Rajastha n, NH-15",GOVT,MBBS,,35000,25000,15000,0,0,,type-based indicative estimate (medical)
col_6714917146,Govt Medical College Basti,GOVT,MBBS,,35000,25000,15000,0,0,,type-based indicative estimate (medical)
col_3889438696,"Govt Medical College Basti, RAMPUR TAHSIL SADAR BASTI BASTI",GOVT,MBBS,,35000,25000,15000,0,0,,type-based indicative estimate (medical)
col_0868019678,Govt Medical College Faizabad,GOVT,MBBS,,35000,25000,15000,0,0,,type-based indicative estimate (medical)
col_1786859655,"Govt Medical College Faizabad, GANJA PARGANA- HAVELI AWADH, TAHSIL- SADAR AYODHYA (FAIZABAD)",GOVT,MBBS,,35000,25000,15000,0,0,,type-based indicative estimate (medical)
col_8587496328,Govt Medical College Firozabad,GOVT,MBBS,,35000,25000,15000,0,0,,type-based indicative estimate (medical)
col_6270547422,Govt Medical College Kannur,GOVT,MBBS,,35000,25000,15000,0,0,,type-based indicative estimate (medical)
col_6376748588,"Govt Medical College Kannur, P .O Pariyara m Medical College, Kannur",GOVT,MBBS,,35000,25000,15000,0,0,,type-based indicative estimate (medical)
col_8643830883,Govt Medical College Nalgonda,GOVT,MBBS,,35000,25000,15000,0,0,,type-based indicative estimate (medical)
col_8463793272,"Govt Medical College Nalgonda, OFFICE OF THE PRINCIPAL, GOVERNMENT MEDICAL COLLEGE NALGONDA",GOVT,MBBS,,35000,25000,15000,0,0,,type-based indicative estimate (medical)
col_9412487075,Govt Medical College Ratlam,GOVT,MBBS,,35000,25000,15000,0,0,,type-based indicative estimate (medical)
col_8747256504,"Govt Medical College Ratlam, Gram Banjali",GOVT,MBBS,,35000,25000,15000,0,0,,type-based indicative estimate (medical)
col_4755680109,Govt Medical College Shahdol,GOVT,MBBS,,35000,25000,15000,0,0,,type-based indicative estimate (medical)
col_9387520552,Govt Medical College Vikarabad,GOVT,MBBS,,35000,25000,15000,0,0,,type-based indicative estimate (medical)
col_1475630191,"Govt Medical College, Churu",GOVT,MBBS,,35000,25000,15000,0,0,,type-based indicative estimate (medical)
col_5295701888,"Govt Medical College, Dungarp ur, VILLA GE- THANA DUNGA RPUR, Rajastha n",GOVT,MBBS,,35000,25000,15000,0,0,,type-based indicative estimate (medical)
col_1270535075,"Govt Medical College, Dungarpur",GOVT,MBBS,,35000,25000,15000,0,0,,type-based indicative estimate (medical)
col_1262764503,"Govt Medical College, Dungarpur, VILLAGE- THANA DUNGARPUR",GOVT,MBBS,,35000,25000,15000,0,0,,type-based indicative estimate (medical)
col_5423984599,"Govt Medical College, Ernakulam",GOVT,MBBS,,35000,25000,15000,0,0,,type-based indicative estimate (medical)
col_1772533376,"Govt Medical College, Idukki",GOVT,MBBS,,35000,25000,15000,0,0,,type-based indicative estimate (medical)
col_5461345603,"Govt Medical College, Idukki, Principal, Govt Medical College Idukki",GOVT,MBBS,,35000,25000,15000,0,0,,type-based indicative estimate (medical)
col_3129889180,"Govt Medical College, Jogulamba, Gadwal",GOVT,MBBS,,35000,25000,15000,0,0,,type-based indicative estimate (medical)
col_8804717406,"Govt Medical College, Jogulamba, Gadwal, GMC Jogulamba Gadwal",GOVT,MBBS,,35000,25000,15000,0,0,,type-based indicative estimate (medical)
col_r3_a4be72cc9cf3,"Govt Medical College, Mulugu",GOVT,MBBS,,35000,25000,15000,0,0,,type-based indicative estimate (medical)
col_6886069442,"Govt Medical College, Palakkad",GOVT,MBBS,,35000,25000,15000,0,0,,type-based indicative estimate (medical)
col_6259679604,"Govt Medical College, Palakkad, NH-544, EAST YAKKARA",GOVT,MBBS,,35000,25000,15000,0,0,,type-based indicative estimate (medical)
col_0665023937,Govt Medical college Shivpuri,GOVT,MBBS,,35000,25000,15000,0,0,,type-based indicative estimate (medical)
col_8332405658,Govt dental college Pudukkottai,GOVT,BDS,,50000,25000,15000,0,0,,type-based indicative estimate (dental)
col_1057867876,"Govt institute of Medcial Sciences, GREATER NOIDA",GOVT,MBBS,,35000,25000,15000,0,0,,type-based indicative estimate (medical)
col_9991421304,Govt. Medical College,GOVT,MBBS,,35000,25000,15000,0,0,,type-based indicative estimate (medical)
col_4993633027,Govt. Medical College Jayashankar Bhupalpally,GOVT,MBBS,,35000,25000,15000,0,0,,type-based indicative estimate (medical)
col_8326297758,Govt. Medical College Karur,GOVT,MBBS,,35000,25000,15000,0,0,,type-based indicative estimate (medical)
col_9905743003,"Govt. Medical College Karur, SANAPIRATTI VILLAGE NORTH GANDHIGRAMAM KARUR TAMILNADU",GOVT,MBBS,,35000,25000,15000,0,0,,type-based indicative estimate (medical)
col_8097290432,Govt. Medical College Rajanna Sircilla,GOVT,MBBS,,35000,25000,15000,0,0,,type-based indicative estimate (medical)
col_1248835944,Govt. Medical College and Hospital,GOVT,MBBS,,35000,25000,15000,0,0,,type-based indicative estimate (medical)
col_ap_29b10b209147,"Govt. Medical College, (Old RIMS) Srikakulam",GOVT,MBBS,,35000,25000,15000,0,0,,type-based indicative estimate (medical)
col_5443490443,"Govt. Medical College, Jammu",GOVT,MBBS,,35000,25000,15000,0,0,,type-based indicative estimate (medical)
col_3262355233,"Govt. Medical College, Jammu, GOVERNMENT MEDICAL COLLEGE",GOVT,MBBS,,35000,25000,15000,0,0,,type-based indicative estimate (medical)
col_ap_7655df019337,"Govt. Medical College, Kadapa",GOVT,MBBS,,35000,25000,15000,0,0,,type-based indicative estimate (medical)
col_1198955284,"Govt. Medical College, Kannauj",GOVT,MBBS,,35000,25000,15000,0,0,,type-based indicative estimate (medical)
col_7198865579,"Govt. Medical College, Khandwa",GOVT,MBBS,,35000,25000,15000,0,0,,type-based indicative estimate (medical)
col_7237119062,"Govt. Medical College, Kumuram Bheem Asifabad",GOVT,MBBS,,35000,25000,15000,0,0,,type-based indicative estimate (medical)
col_4571178200,"Govt. Medical College, Sirohi (",GOVT,MBBS,,35000,25000,15000,0,0,,type-based indicative estimate (medical)
col_8155390233,"Govt. Medical College, Sirohi (rajastha n), SIRO HI SHIVGA NJ HIGHWA Y",GOVT,MBBS,,35000,25000,15000,0,0,,type-based indicative estimate (medical)
col_8072269499,"Govt. Medical College, Udhampur",GOVT,MBBS,,35000,25000,15000,0,0,,type-based indicative estimate (medical)
col_5078896574,"Govt. Pudukkottai Medical College Hopt., Pudukkott",GOVT,MBBS,,35000,25000,15000,0,0,,type-based indicative estimate (medical)
col_9490783278,Govt. Sivgangai M. C. Sivagangai,GOVT,MBBS,,35000,25000,15000,0,0,,type-based indicative estimate (medical)
col_6252767281,Graphic Era Institute Of Medical Science,DEEMED,MBBS,,2200000,200000,100000,4000000,0,,type-based indicative estimate (medical)
col_6779162507,"Gulbarga Institute of Medical Sciences, Gulbarga",GOVT,MBBS,,35000,25000,15000,0,0,,type-based indicative estimate (medical)
col_8845304033,"Gulbarga Institute of Medical Sciences, Gulbarga, Gulbarga Institute of Medical Sciences",GOVT,MBBS,,35000,25000,15000,0,0,,type-based indicative estimate (medical)
col_8009647553,"HASSAN INST. MEDICAL SCIENCES, HASSAN",GOVT,MBBS,,35000,25000,15000,0,0,,type-based indicative estimate (medical)
col_7169166410,"HASSAN INST. MEDICAL SCIENCES, HASSAN, K R PURAM",GOVT,MBBS,,35000,25000,15000,0,0,,type-based indicative estimate (medical)
col_8612002504,Hamdard Inst of Med Sciences and Research,CENTRAL,MBBS,,30000,20000,15000,0,0,,type-based indicative estimate (medical)
col_9329961448,Haveri Institute of Medical Sciences,GOVT,MBBS,,35000,25000,15000,0,0,,type-based indicative estimate (medical)
col_3899223368,"Haveri Institute of Medical Sciences, Karnatak a",GOVT,MBBS,,35000,25000,15000,0,0,,type-based indicative estimate (medical)
col_4010462120,Hinduhridayasamrat Balasaheb Thackeray Medical College and Dr. R. N. Cooper Municipal General Hospital,GOVT,MBBS,,35000,25000,15000,0,0,,type-based indicative estimate (medical)
col_5533132718,IMS BHU Dental,CENTRAL,BDS,,450000,120000,60000,1200000,0,,type-based indicative estimate (dental)
col_1658565639,"INDIRA GANDHI GOVT.MEDICAL COLL., NAGPUR",GOVT,MBBS,,35000,25000,15000,0,0,,type-based indicative estimate (medical)
col_7211484643,"INDIRA GANDHI MEDICAL COLL., SHIMLA",GOVT,MBBS,,35000,25000,15000,0,0,,type-based indicative estimate (medical)
col_8111777624,"INST OF PG MED EDU & RESEARCH, KOLKATA",GOVT,MBBS,,35000,25000,15000,0,0,,type-based indicative estimate (medical)
col_7362222723,"INST.OF MED.SCIENCES, BHU, VARANASI",CENTRAL,MBBS,,30000,20000,15000,0,0,,type-based indicative estimate (medical)
col_2487901461,"INST.OF MED.SCIENCES, BHU, VARANASI, Institute of Medical Sciences, Banaras Hindu University",CENTRAL,MBBS,,30000,20000,15000,0,0,,type-based indicative estimate (medical)
col_4905312872,"IRT Perundurai Medical College, Perundurai",GOVT,MBBS,,35000,25000,15000,0,0,,type-based indicative estimate (medical)
col_7076856303,"IRT Perundurai Medical College, Perundurai, GOVERNMENT ERODE MEDICAL COLLEGE PERUNDURAI",GOVT,MBBS,,35000,25000,15000,0,0,,type-based indicative estimate (medical)
col_6917354922,Indira Gandhi Dental College and SBV,DEEMED,BDS,,600000,150000,80000,1500000,0,,type-based indicative estimate (dental)
col_5542983289,Indira Gandhi Govt. Dental College,GOVT,BDS,,50000,25000,15000,0,0,,type-based indicative estimate (dental)
col_7982850239,Indira Gandhi Institute of Dental Sciences,DEEMED,BDS,,600000,150000,80000,1500000,0,,type-based indicative estimate (dental)
col_4639498072,"Indira Gandhi Institute of Medical Sciences, Patna",GOVT,MBBS,,35000,25000,15000,0,0,,type-based indicative estimate (medical)
col_4970035688,"Indira Gandhi Institute of Medical Sciences, Patna, RAZA BAZAR, SHEIKHPURA, PATNA",GOVT,MBBS,,35000,25000,15000,0,0,,type-based indicative estimate (medical)
col_8583021039,Indira Gandhi Medical College & RI,GOVT,MBBS,,35000,25000,15000,0,0,,type-based indicative estimate (medical)
col_6140791002,"Indira Gandhi Medical College & RI, Puduche rry",GOVT,MBBS,,35000,25000,15000,0,0,,type-based indicative estimate (medical)
col_5203797388,Institute of Dental Sciences,DEEMED,BDS,,600000,150000,80000,1500000,0,,type-based indicative estimate (dental)
col_8555024021,Institute of Medical Sciences & SUM Hospital,DEEMED,MBBS,,2200000,200000,100000,4000000,0,,type-based indicative estimate (medical)
col_2372538568,"Institute of Medical Sciences and SUM Host., Bhubaneswar",DEEMED,MBBS,,2200000,200000,100000,4000000,0,,type-based indicative estimate (medical)
col_5161233292,J R MEDICAL COLLEGE AND HOSPITAL,DEEMED,MBBS,,2200000,200000,100000,4000000,0,,type-based indicative estimate (medical)
col_4207683633,"JAWAHAR LAL NEHRU MEDICAL, AJMER",GOVT,MBBS,,35000,25000,15000,0,0,,type-based indicative estimate (medical)
col_7001848096,"JHALAWAR MEDICAL COLLEGE, Jhalawar",GOVT,MBBS,,35000,25000,15000,0,0,,type-based indicative estimate (medical)
col_9230515255,"JHALAWAR MEDICAL COLLEGE, Jhalawar, NH-52",GOVT,MBBS,,35000,25000,15000,0,0,,type-based indicative estimate (medical)
col_8812382306,JIPMER,JIPMER,MBBS,,5550,12000,5000,0,0,,type-based indicative estimate (medical)
col_5946485160,JIPMER KARAIKAL,JIPMER,MBBS,,5550,12000,5000,0,0,,type-based indicative estimate (medical)
col_9282705532,"JIPMER KARAIKAL, JIPMER Academic Campus",JIPMER,MBBS,,5550,12000,5000,0,0,,type-based indicative estimate (medical)
col_4471155426,JIPMER PUDUC HERRY,JIPMER,MBBS,,5550,12000,5000,0,0,,type-based indicative estimate (medical)
col_9561525390,"JLN IMS, IMPHAL",GOVT,MBBS,,35000,25000,15000,0,0,,type-based indicative estimate (medical)
col_5775615633,"JLN IMS, IMPHAL, Prompat, Imphal East",GOVT,MBBS,,35000,25000,15000,0,0,,type-based indicative estimate (medical)
col_1082170610,"JLN Medical College, Datta Meghe, Wardha",GOVT,MBBS,,35000,25000,15000,0,0,,type-based indicative estimate (medical)
col_4436976923,"JLN Medical College, Datta Meghe, Wardha, Sawangi (Meghe), Wardha",DEEMED,MBBS,,2200000,200000,100000,4000000,0,,type-based indicative estimate (medical)
col_2419367491,"JLN Medical College, Datta Meghe, Wardha, Sawangi (Meghe), Wardha, Maharas htra State, Indi a, Maharas htra",GOVT,MBBS,,35000,25000,15000,0,0,,type-based indicative estimate (medical)
col_3469338363,JSS Dental College,DEEMED,BDS,,600000,150000,80000,1500000,0,,type-based indicative estimate (dental)
col_0067416975,"JSS Medical College, Mysuru",DEEMED,MBBS,,2200000,200000,100000,4000000,0,,type-based indicative estimate (medical)
col_6943895204,"Jagadgur u Gangadh ar Mahasw amigalu Moorusa virmath Medical College, Hubballi, KLE Jagadgur u Gangadh ar Mahasw amigalu Moorusa virmath Medical College Gabbur Cross Hubballi, Karnatak a",GOVT,MBBS,,35000,25000,15000,0,0,,type-based indicative estimate (medical)
col_4665345450,"Jagadguru Gangadhar Mahaswamigalu Moor usavirmath Medical College, Hubballi",GOVT,MBBS,,35000,25000,15000,0,0,,type-based indicative estimate (medical)
col_3974588998,"Jagadguru Gangadhar Mahaswamigalu Moorusavirmath Medical College, Hubballi, KLE Jagadguru Gangadhar Mahaswamigalu Moorusavirmath Medical College Gabbur Cross Hubballi",DEEMED,MBBS,,2200000,200000,100000,4000000,0,,type-based indicative estimate (medical)
col_6956295160,Jannayak Karpoori Thakur Medical college and Hospital,GOVT,MBBS,,35000,25000,15000,0,0,,type-based indicative estimate (medical)
col_7343024605,"Jawahar Lal Nehru Medical College, Belagavi",GOVT,MBBS,,35000,25000,15000,0,0,,type-based indicative estimate (medical)
col_2829126709,"Jawahar Lal Nehru Medical College, Belagavi, J.N. Medical College Campus",DEEMED,MBBS,,2200000,200000,100000,4000000,0,,type-based indicative estimate (medical)
col_7435858356,Jawaharlal Nehru Institute of Dental Sciences,GOVT,BDS,,50000,25000,15000,0,0,,type-based indicative estimate (dental)
col_6746952608,"Jawaharlal Nehru Medical College, AMU, ALIGARH",CENTRAL,MBBS,,30000,20000,15000,0,0,,type-based indicative estimate (medical)
col_5675280241,"Jawaharlal Nehru Medical College, AMU, ALIGARH, ALIGARH MUSLIM UNIVERSITY, ALIGARH",CENTRAL,MBBS,,30000,20000,15000,0,0,,type-based indicative estimate (medical)
col_4222440774,"Jawaharlal Nehru Medical College, Bhagalpur",GOVT,MBBS,,35000,25000,15000,0,0,,type-based indicative estimate (medical)
col_6609796462,"Jawaharlal Nehru Medical College, Bhagalpur, SUKHRAJ RAI PATH, BHAGALPUR",GOVT,MBBS,,35000,25000,15000,0,0,,type-based indicative estimate (medical)
col_r3_07ce5cfcfbae,"Jawaharlal Nehru Medical Universit College, y AMU, ALIGAR H, ALIGARH MUSLIM ALIGARH",CENTRAL,MBBS,,30000,20000,15000,0,0,,type-based indicative estimate (medical)
col_8740587435,Jhargram Government Medical College and Hospital,GOVT,MBBS,,35000,25000,15000,0,0,,type-based indicative estimate (medical)
col_9802723146,Jorhat Medical College and Hospital,GOVT,MBBS,,35000,25000,15000,0,0,,type-based indicative estimate (medical)
col_1434513743,K M Shah Dental Collegel,DEEMED,BDS,,600000,150000,80000,1500000,0,,type-based indicative estimate (dental)
col_7873102306,"K.A.P. VISWANATHAM G.M.C., TIRUCHI RAPALLI",GOVT,MBBS,,35000,25000,15000,0,0,,type-based indicative estimate (medical)
col_7648171640,"K.A.P. VISWANATHAM G.M.C., TIRUCHIRAPALLI, PERIYAMILAGUPARAI, TIRUCHIRAPALLI-620001",GOVT,MBBS,,35000,25000,15000,0,0,,type-based indicative estimate (medical)
col_0591325641,"K.A.P. VISWANATHAM Govt Medical College, TIRUCHIRAP ALLI",GOVT,MBBS,,35000,25000,15000,0,0,,type-based indicative estimate (medical)
col_6029770388,"K.A.P. VISWANATHAM Govt Medical College, TIRUCHIRAPALLI, PERIYAMILAGUPARAI, TIRUCHIRAPALLI-620001",GOVT,MBBS,,35000,25000,15000,0,0,,type-based indicative estimate (medical)
col_4452960204,"K.S Hegde Medical Academy, Mangaluru",DEEMED,MBBS,,2200000,200000,100000,4000000,0,,type-based indicative estimate (medical)
col_8004581877,"K.S Hegde Medical Academy, Mangaluru, Deralakatte, Mangaluru",DEEMED,MBBS,,2200000,200000,100000,4000000,0,,type-based indicative estimate (medical)
col_6726363731,"KANYAKUMARI GOVT. MED. COLL., ASARIPALLA M",GOVT,MBBS,,35000,25000,15000,0,0,,type-based indicative estimate (medical)
col_3164538315,"KANYAKUMARI GOVT. MED. COLL., ASARIPALLAM, ASARIPALLAM",GOVT,MBBS,,35000,25000,15000,0,0,,type-based indicative estimate (medical)
col_7458588347,"KARNATAK INST. OF MEDICAL SC., HUBLI",GOVT,MBBS,,35000,25000,15000,0,0,,type-based indicative estimate (medical)
col_1059399544,"KGMC, LUCKNOW",GOVT,MBBS,,35000,25000,15000,0,0,,type-based indicative estimate (medical)
col_4520149164,KLE VK Inst. of Dental Scie. Belagavi,DEEMED,BDS,,600000,150000,80000,1500000,0,,type-based indicative estimate (dental)
col_9305152496,"KURNOOL MEDICAL COLLEGE, KURNOOL, BUDHAWARPET, KURNOOL.",GOVT,MBBS,,35000,25000,15000,0,0,,type-based indicative estimate (medical)
col_7101028922,Kakatiya Medical College Warangal,GOVT,MBBS,,35000,25000,15000,0,0,,type-based indicative estimate (medical)
col_1452015650,Kalinga Institute of Dental Sciences,DEEMED,BDS,,600000,150000,80000,1500000,0,,type-based indicative estimate (dental)
col_2004912279,"Kalinga Institute of Medical Sciences, Bhubaneswar",DEEMED,MBBS,,2200000,200000,100000,4000000,0,,type-based indicative estimate (medical)
col_6958925698,"Kalpana Chawla Govt. Medical College, Karnal",GOVT,MBBS,,35000,25000,15000,0,0,,type-based indicative estimate (medical)
col_1820280324,"Kalpana Chawla Govt. Medical College, Karnal, Kalpana Chawla Govt. Medical College, Karnal",GOVT,MBBS,,35000,25000,15000,0,0,,type-based indicative estimate (medical)
col_7048353974,"Kalyan Singh Government Medical College, Bulandshahr, Uttar Prades",GOVT,MBBS,,35000,25000,15000,0,0,,type-based indicative estimate (medical)
col_4142729598,"Karwar Institute of Medical Sciences, Karwar",GOVT,MBBS,,35000,25000,15000,0,0,,type-based indicative estimate (medical)
col_7645301781,"Karwar Institute of Medical Sciences, Karwar, D ISTRICT HOSPIT AL PREMIS ES",GOVT,MBBS,,35000,25000,15000,0,0,,type-based indicative estimate (medical)
col_3591647713,"Kasturba Medical College, Manipal Univ., Mangalore",DEEMED,MBBS,,2200000,200000,100000,4000000,0,,type-based indicative estimate (medical)
col_0261101445,"Kasturba Medical College, Manipal Univ., Manipal",DEEMED,MBBS,,2200000,200000,100000,4000000,0,,type-based indicative estimate (medical)
col_ap_1bbe86e0e9db,"Katuri Medical College & Hospital, Chinakondrupadu, Guntur Dist.",PRIVATE,MBBS,,1200000,150000,80000,3000000,0,,type-based indicative estimate (medical)
col_ap_6c7138d8953f,"Katuri Medical College and Hospital, Guntur",PRIVATE,MBBS,,1200000,150000,80000,3000000,0,,type-based indicative estimate (medical)
col_0949686711,"Kodagu Institute of Medical Sciences, Kodagu",GOVT,MBBS,,35000,25000,15000,0,0,,type-based indicative estimate (medical)
col_3832862371,"Kodagu Institute of Medical Sciences, Kodagu, Kodagu Institute of Medical Sciences, Madikeri.",GOVT,MBBS,,35000,25000,15000,0,0,,type-based indicative estimate (medical)
col_9026774982,"Kodagu Institute of Medical Sciences, Kodagu, Kodagu Institute of Medical Sciences, Madikeri., Karnatak a",GOVT,MBBS,,35000,25000,15000,0,0,,type-based indicative estimate (medical)
col_9513182912,Kokrajhar Medical College & Hospital Rangalikhata,GOVT,MBBS,,35000,25000,15000,0,0,,type-based indicative estimate (medical)
col_ap_ae4c03e1ddfe,"Konaseema Institute of Medical Sciences and Research Foundation , Amalapuram",PRIVATE,MBBS,,1200000,150000,80000,3000000,0,,type-based indicative estimate (medical)
col_3673746129,Koppal Institute of Medical Sciences,GOVT,MBBS,,35000,25000,15000,0,0,,type-based indicative estimate (medical)
col_3605118560,"Krishna Inst. of Med. Scie., Karad",GOVT,MBBS,,35000,25000,15000,0,0,,type-based indicative estimate (medical)
col_0179135120,"Krishna Inst. of Med. Scie., Karad, KARAD",DEEMED,MBBS,,2200000,200000,100000,4000000,0,,type-based indicative estimate (medical)
col_ap_ab817b8d14ab,"Kurnool Medical College, Kurnool",GOVT,MBBS,,35000,25000,15000,0,0,,type-based indicative estimate (medical)
col_ap_a63527d31d70,"Kurnool Medical College, Kurnool - 518 002",GOVT,MBBS,,35000,25000,15000,0,0,,type-based indicative estimate (medical)
col_9344492169,"L.L.R.M. MEDICAL COLLEGE, MEERUT",GOVT,MBBS,,35000,25000,15000,0,0,,type-based indicative estimate (medical)
col_9943639411,"L.L.R.M. MEDICAL COLLEGE, MEERUT, LALA LAJPAT RAI MEMORIAL, MEDICAL COLLEGE",GOVT,MBBS,,35000,25000,15000,0,0,,type-based indicative estimate (medical)
col_2740684644,"LOKMANYA TILAK MUNICIPAL M C, MUMBAI",GOVT,MBBS,,35000,25000,15000,0,0,,type-based indicative estimate (medical)
col_3027033367,Lady Hardinge Medical College,GOVT,MBBS,,35000,25000,15000,0,0,,type-based indicative estimate (medical)
col_5683858289,"Lakhimpur Medical College, North Lakhimpur",GOVT,MBBS,,35000,25000,15000,0,0,,type-based indicative estimate (medical)
col_0428996755,"Lt. B R K Government Medical College, Jagdalpur",GOVT,MBBS,,35000,25000,15000,0,0,,type-based indicative estimate (medical)
col_1146317566,"Lt. B R K Government Medical College, Jagdalpur, LATE BALIRAM KASHYAP MEMORIAL GOVT. MEDICAL COLLEGE",GOVT,MBBS,,35000,25000,15000,0,0,,type-based indicative estimate (medical)
col_6632887980,"Lt. L A M Govt. Medical College, Raigarh",GOVT,MBBS,,35000,25000,15000,0,0,,type-based indicative estimate (medical)
col_0818872715,"M.G.D.C. & HOSPIT AL, PUDUC HERRY, GOVT. OF PUDUC HERRY INSTITU TION, GORIME DU",GOVT,MBBS,,35000,25000,15000,0,0,,type-based indicative estimate (medical)
col_9121251376,M.G.D.C. & HOSPITAL,GOVT,MBBS,,35000,25000,15000,0,0,,type-based indicative estimate (medical)
col_9024905622,"M.G.M. MEDICAL COLLEGE, INDORE",GOVT,MBBS,,35000,25000,15000,0,0,,type-based indicative estimate (medical)
col_2014543785,"M.G.M. MEDICAL COLLEGE, JAMSHEDPUR",GOVT,MBBS,,35000,25000,15000,0,0,,type-based indicative estimate (medical)
col_5304579194,"M.P. SHAH MEDICA L COLLEG E, JAMNAG AR",GOVT,MBBS,,35000,25000,15000,0,0,,type-based indicative estimate (medical)
col_3805284110,M.P. SHAH MEDICAL COLLEGE,GOVT,MBBS,,35000,25000,15000,0,0,,type-based indicative estimate (medical)
col_0662832242,"MADRAS MEDICAL COLLEGE, CHENNAI",GOVT,MBBS,,35000,25000,15000,0,0,,type-based indicative estimate (medical)
col_7008637315,"MADRAS MEDICAL COLLEGE, CHENNAI, MADRAS MEDICAL COLLEGE EVR PERIYAR SALAI, PARK TOWN, CHENNAI",GOVT,MBBS,,35000,25000,15000,0,0,,type-based indicative estimate (medical)
col_0139615818,"MADRAS MEDICAL COLLEGE, CHENNAI, MADRAS MEDICAL COLLEGE EVR PERIYAR SALAI, PARK TOWN, CHENNAI, TA MIL NADU.",GOVT,MBBS,,35000,25000,15000,0,0,,type-based indicative estimate (medical)
col_9977327878,"MADURAI MEDICAL COLLEGE, MADURAI",GOVT,MBBS,,35000,25000,15000,0,0,,type-based indicative estimate (medical)
col_4117049527,"MAHARAJA K.C. GAJAPATI M.C., BRAHMAPUR",GOVT,MBBS,,35000,25000,15000,0,0,,type-based indicative estimate (medical)
col_1561961645,"MAHARAJA K.C. GAJAPATI M.C., BRAHMAPUR, MKCG MEDICAL COLLEGE CAMPUS, BERHAMPUR, GANJAM",GOVT,MBBS,,35000,25000,15000,0,0,,type-based indicative estimate (medical)
col_7466608311,"MAHARANI LAXMI BAI MEDICAL COLL, JHANSI",GOVT,MBBS,,35000,25000,15000,0,0,,type-based indicative estimate (medical)
col_6812241776,"MAHARANI LAXMI BAI MEDICAL COLL, JHANSI, M.L.B. MEDICAL COLLEGE",GOVT,MBBS,,35000,25000,15000,0,0,,type-based indicative estimate (medical)
col_6227735533,"MAHARSHI DEVRAHA BABA AUTONOMOUS STATE. MEDICAL COLLEGE, DEORIA",GOVT,MBBS,,35000,25000,15000,0,0,,type-based indicative estimate (medical)
col_3807053711,"MALDA MED. COLLEGE, MALDA",GOVT,MBBS,,35000,25000,15000,0,0,,type-based indicative estimate (medical)
col_8077378963,"MALDA MED. COLLEGE, MALDA, MaldaMedicalCollege, PS",GOVT,MBBS,,35000,25000,15000,0,0,,type-based indicative estimate (medical)
col_1266973109,MANAV RACHNA DENTAL COLLEGE FARIDABAD,DEEMED,BDS,,600000,150000,80000,1500000,0,,type-based indicative estimate (dental)
col_7286986942,"MANDYA INST. OF MEDICAL SCI., MANDYA",GOVT,MBBS,,35000,25000,15000,0,0,,type-based indicative estimate (medical)
col_6987771299,"MEDICA L COLLEG E, BHAVNA GAR, Ne ar S.T. Bus Stand",GOVT,MBBS,,35000,25000,15000,0,0,,type-based indicative estimate (medical)
col_2682127253,MEDICAL COLLEGE,GOVT,MBBS,,35000,25000,15000,0,0,,type-based indicative estimate (medical)
col_3296088503,"MEDICAL COLLEGE, BARODA",GOVT,MBBS,,35000,25000,15000,0,0,,type-based indicative estimate (medical)
col_5859180463,"MEDICAL COLLEGE, BARODA, Government Medical College Baroda, Anandpura",GOVT,MBBS,,35000,25000,15000,0,0,,type-based indicative estimate (medical)
col_6936662730,"MEDICAL COLLEGE, KOLKATA",GOVT,MBBS,,35000,25000,15000,0,0,,type-based indicative estimate (medical)
col_3570398144,"MG Inst. of Medical Sciences, Sevagram Wardha",GOVT,MBBS,,35000,25000,15000,0,0,,type-based indicative estimate (medical)
col_6496830135,"MGM Medical College, Auranga bad, N-6, Cidco, Auranga bad, Maharas htra",GOVT,MBBS,,35000,25000,15000,0,0,,type-based indicative estimate (medical)
col_9888023837,"MGM Medical College, Aurangabad",GOVT,MBBS,,35000,25000,15000,0,0,,type-based indicative estimate (medical)
col_6948752918,"MGM Medical College, Aurangabad, N-6, Cidco",DEEMED,MBBS,,2200000,200000,100000,4000000,0,,type-based indicative estimate (medical)
col_8405482972,"MGM Medical College, Aurangabad, N-6, Cidco, Aurangabad",DEEMED,MBBS,,2200000,200000,100000,4000000,0,,type-based indicative estimate (medical)
col_6522523396,"MGM Medical College, Navi Mumbai",GOVT,MBBS,,35000,25000,15000,0,0,,type-based indicative estimate (medical)
col_9066338934,"MGM Medical College, Navi Mumbai, MGM Medical College, Plot No. 1-2",DEEMED,MBBS,,2200000,200000,100000,4000000,0,,type-based indicative estimate (medical)
col_4046669946,MIDNAPORE MEDICAL COLLEGE,GOVT,MBBS,,35000,25000,15000,0,0,,type-based indicative estimate (medical)
col_6612780124,MM College of Dental Scie. and Res.,DEEMED,BDS,,600000,150000,80000,1500000,0,,type-based indicative estimate (dental)
col_2802915652,"MM Inst. Med. and Researc h, Mullana, M.M. INSTITU TE OF MEDICA L SCIENC ES AND RESEAR CH, MULLAN A, AMBALA, HARYAN A.",DEEMED,MBBS,,2200000,200000,100000,4000000,0,,type-based indicative estimate (medical)
col_6672927213,"MM Inst. Med. and Research, Mullana",DEEMED,MBBS,,2200000,200000,100000,4000000,0,,type-based indicative estimate (medical)
col_2982415797,"MM Inst. Med. and Research, Mullana, M.M. INSTITUTE OF MEDICAL SCIENCES AND RESEARCH, MULLANA, AMBALA",DEEMED,MBBS,,2200000,200000,100000,4000000,0,,type-based indicative estimate (medical)
col_0899524976,"MOTI LAL NEHRU MEDICAL COLL, ALLAHABAD",GOVT,MBBS,,35000,25000,15000,0,0,,type-based indicative estimate (medical)
col_5205515854,"MOTI LAL NEHRU MEDICAL COLL, ALLAHABAD, Principal Office Moti Lal Nehru Medical College",GOVT,MBBS,,35000,25000,15000,0,0,,type-based indicative estimate (medical)
col_3126247120,MRA MEDICAL COLLEGE AMBEDKAR NAGAR,GOVT,MBBS,,35000,25000,15000,0,0,,type-based indicative estimate (medical)
col_9123439991,MYSORE MED.& RESEARCH INST. MYSORE,GOVT,MBBS,,35000,25000,15000,0,0,,type-based indicative estimate (medical)
col_3614050545,"MYSORE MED.& RESEARCH INST. MYSORE, Mysore Medical College and Research Institute",GOVT,MBBS,,35000,25000,15000,0,0,,type-based indicative estimate (medical)
col_ap_a020c2944368,"Maharaja Institute of Medical Sciences, Vizianagaram",GOVT,MBBS,,35000,25000,15000,0,0,,type-based indicative estimate (medical)
col_3803890474,Maharaja Jitendra Narayan Medical College and Hospital Coochbehar,GOVT,MBBS,,35000,25000,15000,0,0,,type-based indicative estimate (medical)
col_ap_dddab1a5992f,"Maharajah Institute of Medical Sciences (MIMS), Nellimarla, Vizianagaram Dist.",GOVT,MBBS,,35000,25000,15000,0,0,,type-based indicative estimate (medical)
col_2204715886,"Maharishi Chyawan Medical College, Koriawas, Narnaul(Mahendergarh)",GOVT,MBBS,,35000,25000,15000,0,0,,type-based indicative estimate (medical)
col_2637150109,Mahatma Gandhi Medical College,DEEMED,MBBS,,2200000,200000,100000,4000000,0,,type-based indicative estimate (medical)
col_3502452581,"Mahatma Gandhi Mission Medical College, Nerul",DEEMED,MBBS,,2200000,200000,100000,4000000,0,,type-based indicative estimate (medical)
col_7144930191,"Mahatma Gandhi Mission Medical College, Vashi, Navi Mumbai",DEEMED,MBBS,,2200000,200000,100000,4000000,0,,type-based indicative estimate (medical)
col_0871484596,"Mahatma Gandhi Missions Medical College, Panvel, Gate No. 2, MGM Education Campus",DEEMED,MBBS,,2200000,200000,100000,4000000,0,,type-based indicative estimate (medical)
col_4587958959,Mahatma Gandi Mission Medical College vashi,DEEMED,MBBS,,2200000,200000,100000,4000000,0,,type-based indicative estimate (medical)
col_9563489689,"Mahatma Gandi Mission Medical College vashi, Se ctor 30, Vashi, Navi Mumbai, Maharas htra",GOVT,MBBS,,35000,25000,15000,0,0,,type-based indicative estimate (medical)
col_5396362874,"Mahatma Vidur Autonomous State Medical College, Bijnor",GOVT,MBBS,,35000,25000,15000,0,0,,type-based indicative estimate (medical)
col_1446803170,Malla Reddy Dental College For Women,DEEMED,BDS,,600000,150000,80000,1500000,0,,type-based indicative estimate (dental)
col_5773368908,Malla Reddy Institute of Dental Sciences,DEEMED,BDS,,600000,150000,80000,1500000,0,,type-based indicative estimate (dental)
col_5395090893,"Malla Reddy Institute of Medical Sciences, Hyderabad",DEEMED,MBBS,,2200000,200000,100000,4000000,0,,type-based indicative estimate (medical)
col_6108623861,"Malla Reddy Medical College for Women, Hyderabad",DEEMED,MBBS,,2200000,200000,100000,4000000,0,,type-based indicative estimate (medical)
col_7413425843,Manipal College of Dental Sce.,DEEMED,BDS,,600000,150000,80000,1500000,0,,type-based indicative estimate (dental)
col_5481195636,Manipal College of Dental Science,DEEMED,BDS,,600000,150000,80000,1500000,0,,type-based indicative estimate (dental)
col_3214685229,Manipal Tata Medical College,DEEMED,MBBS,,2200000,200000,100000,4000000,0,,type-based indicative estimate (medical)
col_4024733300,Maulana Azad Institute of Dental Sciences,GOVT,BDS,,50000,25000,15000,0,0,,type-based indicative estimate (dental)
col_8629096714,Maulana Azad Medical College,GOVT,MBBS,,35000,25000,15000,0,0,,type-based indicative estimate (medical)
col_4290450435,"Medinirai Medical College (previously Known as Palamu Medical College), Palamu",GOVT,MBBS,,35000,25000,15000,0,0,,type-based indicative estimate (medical)
col_3274885958,Meenakshi Ammal Dental College and Host.,DEEMED,BDS,,600000,150000,80000,1500000,0,,type-based indicative estimate (dental)
col_8870154591,Meenakshi Medical College Hospital and Research Institute,DEEMED,MBBS,,2200000,200000,100000,4000000,0,,type-based indicative estimate (medical)
col_4742222470,Mursidabad M C & Hospital,GOVT,MBBS,,35000,25000,15000,0,0,,type-based indicative estimate (medical)
col_r3_de3cbcaa9b55,"Muslim Faculty of Dentistry, Jamia Millia Islamia",CENTRAL,BDS,,450000,120000,60000,1200000,0,,type-based indicative estimate (dental)
col_r3_cbbd0bba2a5c,"Muslim Faculty of OBC Dentistry, Jamia Millia Islamia",CENTRAL,BDS,,450000,120000,60000,1200000,0,,type-based indicative estimate (dental)
col_9823126674,"NAGALA ND INSTITU TE OF MEDICA L SCIENC E AND RESEAR CH PHIREB AGIE, KOHIMA - 797001, Phreibag ei, Kohima, Nagalan d",GOVT,MBBS,,35000,25000,15000,0,0,,type-based indicative estimate (medical)
col_3659152312,"NAGALAND INSTITUTE OF MEDICAL SCIENCE AND RESEARCH PHIREBAGIE, KOHIMA - 797001",GOVT,MBBS,,35000,25000,15000,0,0,,type-based indicative estimate (medical)
col_6407739141,"NAGALAND INSTITUTE OF MEDICAL SCIENCE AND RESEARCH PHIREBAGIE, KOHIMA - 797001,Phreibagei, Kohima, Nagaland, 797001",GOVT,MBBS,,35000,25000,15000,0,0,,type-based indicative estimate (medical)
col_1835869168,NAIR HOSP DENTAL COLLEGE & HOSP,GOVT,BDS,,50000,25000,15000,0,0,,type-based indicative estimate (dental)
col_6104315041,"NALANDA MEDICAL COLLEGE, PATNA",GOVT,MBBS,,35000,25000,15000,0,0,,type-based indicative estimate (medical)
col_6986321536,"NAMO Medical Education & Research Institute, Govt Medical College Silvassa",GOVT,MBBS,,35000,25000,15000,0,0,,type-based indicative estimate (medical)
col_7191472077,"NAMO Medical Education & Research Institute, Govt Medical College Silvassa, NAMO Medical Education and Research Institute, next to Sayli cricket stadium",GOVT,MBBS,,35000,25000,15000,0,0,,type-based indicative estimate (medical)
col_5995194370,"NAMO Medical Education & Research Institute, Govt Medical College Silvassa, SSR College Campus",GOVT,MBBS,,35000,25000,15000,0,0,,type-based indicative estimate (medical)
col_r3_06f152de22c2,"NCR College of Medical Widows Sciences, New of",GOVT,MBBS,,35000,25000,15000,0,0,,type-based indicative estimate (medical)
col_9549026838,NDMC Medical College,GOVT,MBBS,,35000,25000,15000,0,0,,type-based indicative estimate (medical)
col_7452498916,"NEIGRIHMS, SHILLONG",GOVT,MBBS,,35000,25000,15000,0,0,,type-based indicative estimate (medical)
col_0337267460,"NETAJI SUBHASH CHANDRA BOSE MC, JABALPUR",GOVT,MBBS,,35000,25000,15000,0,0,,type-based indicative estimate (medical)
col_9358700175,"NILRATAN SIRKAR MEDICAL COLLEGE, KOLKATA",GOVT,MBBS,,35000,25000,15000,0,0,,type-based indicative estimate (medical)
col_4160780473,"NORTH BENGAL DENT.C OLL, SUS HRUTNA GAR",GOVT,BDS,,50000,25000,15000,0,0,,type-based indicative estimate (dental)
col_7857008466,NORTH BENGAL DENT.COLL,GOVT,BDS,,50000,25000,15000,0,0,,type-based indicative estimate (dental)
col_4632002787,"NORTH BENGAL MED.COLL, DARJEELING",GOVT,MBBS,,35000,25000,15000,0,0,,type-based indicative estimate (medical)
col_ap_b081f302bfd6,"NRI Institute of Medical Sciences, Sangivalasa, Visakhapatnam Dist.",GOVT,MBBS,,35000,25000,15000,0,0,,type-based indicative estimate (medical)
col_ap_b6ac348c36ea,"NRI Institute of Medical Sciences, Visakhapatnam",GOVT,MBBS,,35000,25000,15000,0,0,,type-based indicative estimate (medical)
col_ap_28d2feda3134,"NRI Medical College & Hospital, Chinnakakani, M angalagiri, Guntur Dist.",GOVT,MBBS,,35000,25000,15000,0,0,,type-based indicative estimate (medical)
col_ap_00d7c2d19a00,"NRI Medical College, Chinnakakani",GOVT,MBBS,,35000,25000,15000,0,0,,type-based indicative estimate (medical)
col_8686270664,Nagaon Medical college,GOVT,MBBS,,35000,25000,15000,0,0,,type-based indicative estimate (medical)
col_7529472000,"Nagaon Medical college, Dipholu, Mohkhuli Chariali",GOVT,MBBS,,35000,25000,15000,0,0,,type-based indicative estimate (medical)
col_7945183438,Nalbari Medical College & Hospital Dakhingaon,GOVT,MBBS,,35000,25000,15000,0,0,,type-based indicative estimate (medical)
col_ap_4289d3009b9f,"Narayana Medical College, Chintareddypalem, Nellore Dist. 524 002",PRIVATE,MBBS,,1200000,150000,80000,3000000,0,,type-based indicative estimate (medical)
col_ap_0f62d53695d6,"Narayana Medical College, Nellore",PRIVATE,MBBS,,1200000,150000,80000,3000000,0,,type-based indicative estimate (medical)
col_r3_b8569ca1978c,"Open Faculty of Seat Dentistry, Jamia Millia Islamia",CENTRAL,BDS,,450000,120000,60000,1200000,0,,type-based indicative estimate (dental)
col_5082192849,Osmania Medical College Koti,GOVT,MBBS,,35000,25000,15000,0,0,,type-based indicative estimate (medical)
col_8519867258,"Osmania Medical College Koti, HYDER ABAD, Telangan a",GOVT,MBBS,,35000,25000,15000,0,0,,type-based indicative estimate (medical)
col_6199726032,"Osmania Medical College Koti, HYDERABAD",GOVT,MBBS,,35000,25000,15000,0,0,,type-based indicative estimate (medical)
col_5831700221,"Osmania Medical College Koti, KOTi, HYDERABAD",GOVT,MBBS,,35000,25000,15000,0,0,,type-based indicative estimate (medical)
col_ap_c075201b10a2,"P.E.S. Institute of Medical Sciences and Research, Kuppam",GOVT,MBBS,,35000,25000,15000,0,0,,type-based indicative estimate (medical)
col_7941370351,PATNA DENTAL COLLEGE & HOSPITAL,GOVT,BDS,,50000,25000,15000,0,0,,type-based indicative estimate (dental)
col_7294626919,"PATNA MEDICAL COLLEGE, PATNA",GOVT,MBBS,,35000,25000,15000,0,0,,type-based indicative estimate (medical)
col_5602378070,"PATNA MEDICAL COLLEGE, PATNA, ASHOK RAJPATH, PATNA",GOVT,MBBS,,35000,25000,15000,0,0,,type-based indicative estimate (medical)
col_8605055792,PB. GOVT. DENTAL COLLEGE & HOSP,GOVT,BDS,,50000,25000,15000,0,0,,type-based indicative estimate (dental)
col_2332578501,"PT. B.D. SHARMA PGIMS, ROHTAK",GOVT,MBBS,,35000,25000,15000,0,0,,type-based indicative estimate (medical)
col_0182447173,"PT. B.D. SHARMA PGIMS, ROHTAK, Pt. B.D. Sharma PGIMS, Rohtak",GOVT,MBBS,,35000,25000,15000,0,0,,type-based indicative estimate (medical)
col_6066696814,"Phulo Jhano Medical College, Dumka",GOVT,MBBS,,35000,25000,15000,0,0,,type-based indicative estimate (medical)
col_9431227088,"Phulo Jhano Medical College, Dumka, P HULO JHANO MEDICA L COLLEG E DUMKA, Jharkhan d",GOVT,MBBS,,35000,25000,15000,0,0,,type-based indicative estimate (medical)
col_7058818028,"Phulo Jhano Medical College, Dumka, PHULO JHANO MEDICAL COLLEGE DUMKA",GOVT,MBBS,,35000,25000,15000,0,0,,type-based indicative estimate (medical)
col_5890019544,Prafulla Chandra Sen Government Medical College & Hospital,GOVT,MBBS,,35000,25000,15000,0,0,,type-based indicative estimate (medical)
col_1091586800,"Pt. D.D.U MEDICAL COLLEGE, RAJKOT",GOVT,MBBS,,35000,25000,15000,0,0,,type-based indicative estimate (medical)
col_9935254673,"Pt. J N M MEDICAL COLLEGE, RAIPUR",GOVT,MBBS,,35000,25000,15000,0,0,,type-based indicative estimate (medical)
col_0945947414,"Pt. J N M MEDICAL COLLEGE, RAIPUR, In front of Central Jail",GOVT,MBBS,,35000,25000,15000,0,0,,type-based indicative estimate (medical)
col_6154987932,"Pt. Jawahar Lal Nehru Govt. Med. College, Chamba",GOVT,MBBS,,35000,25000,15000,0,0,,type-based indicative estimate (medical)
col_3027480788,"Pt. Jawahar Lal Nehru Govt. Med. College, Chamba, Pt. Jawaharlal Nehru Govt. Medical College Chamba",GOVT,MBBS,,35000,25000,15000,0,0,,type-based indicative estimate (medical)
col_8900161569,"Pt. Raghunath Murmu Med. College, Baripada",GOVT,MBBS,,35000,25000,15000,0,0,,type-based indicative estimate (medical)
col_5440315430,"Pt. Raghunath Murmu Med. College, Baripada, AT-Rangamatia",GOVT,MBBS,,35000,25000,15000,0,0,,type-based indicative estimate (medical)
col_8455277758,"Pt. Raghunath Murmu Med. College, Baripada, Rangamatia",GOVT,MBBS,,35000,25000,15000,0,0,,type-based indicative estimate (medical)
col_7138427399,"R.G. KAR MEDICAL COLLEGE, KOLK ATA",GOVT,MBBS,,35000,25000,15000,0,0,,type-based indicative estimate (medical)
col_3138697110,"R.G. KAR MEDICAL COLLEGE, KOLKATA, R G Kar Medical College 1 KHUDIRAM BOSE SARANI",GOVT,MBBS,,35000,25000,15000,0,0,,type-based indicative estimate (medical)
col_3343688695,"R.G. KAR MEDICAL COLLEGE, KOLKATA, R G Kar Medical College 1 Khudiram bose sarani, Kolkata",GOVT,MBBS,,35000,25000,15000,0,0,,type-based indicative estimate (medical)
col_4855667401,"R.N.T. MEDICAL COLLEGE, UDAIPUR",GOVT,MBBS,,35000,25000,15000,0,0,,type-based indicative estimate (medical)
col_2256501208,"RAICHUR INST. OF MEDICAL SCI., RAICHUR",GOVT,MBBS,,35000,25000,15000,0,0,,type-based indicative estimate (medical)
col_7260105187,"RAICHUR INST. OF MEDICAL SCI., RAICHUR, RAICHUR INSTITUTE OF MEDICAL SCIENCES INDUSTRIAL AREA",GOVT,MBBS,,35000,25000,15000,0,0,,type-based indicative estimate (medical)
col_4176355156,"RAJEND RA INST. OF MED. SCI., RANCHI, Director, Rajendra Institute of Medical Sciences, Bariatu, R anchi, Jharkhan d",GOVT,MBBS,,35000,25000,15000,0,0,,type-based indicative estimate (medical)
col_3594666787,"RAJENDRA INST. OF MED. SCI., RANCHI",GOVT,MBBS,,35000,25000,15000,0,0,,type-based indicative estimate (medical)
col_5396338933,"RAJENDRA INST. OF MED. SCI., RANCHI, Director, Rajendra Institute of Medical Sciences, Bariatu, Ranchi",GOVT,MBBS,,35000,25000,15000,0,0,,type-based indicative estimate (medical)
col_9827629240,"RAJIV GANDHI INSTITUTE OF MEDICAL SCIENCES, KADAPA",GOVT,MBBS,,35000,25000,15000,0,0,,type-based indicative estimate (medical)
col_5800949828,"RAJIV GANDHI INSTITUTE OF MEDICAL SCIENCES, KADAPA, GOVERNMENT MEDICAL COLLEGE RIMS PUTLAMPALLI",GOVT,MBBS,,35000,25000,15000,0,0,,type-based indicative estimate (medical)
col_8424892711,"RAJIV GANDHI INSTITUTE OF MEDICAL SCIENCES, KADAPA, RAJIV GANDHI INSTITUTE OF MEDICAL SCIENCES RIMS, PUTLAMPALLI",GOVT,MBBS,,35000,25000,15000,0,0,,type-based indicative estimate (medical)
col_6838297103,"RAJIV GANDHI MEDICAL COLLEGE, THANE",GOVT,MBBS,,35000,25000,15000,0,0,,type-based indicative estimate (medical)
col_3590248230,RAMPURHAT GOVT MEDICAL COLLEGE RAMPURHAT,GOVT,MBBS,,35000,25000,15000,0,0,,type-based indicative estimate (medical)
col_2146441231,REGIONAL DENTAL COLLEGE,GOVT,BDS,,50000,25000,15000,0,0,,type-based indicative estimate (dental)
col_1149071439,"REGIONAL INST OF MEDICAL SCI, IMPHAL",GOVT,MBBS,,35000,25000,15000,0,0,,type-based indicative estimate (medical)
col_6058781802,RIMS Srikakulam,GOVT,MBBS,,35000,25000,15000,0,0,,type-based indicative estimate (medical)
col_8965720288,"RIMS Srikakulam, Balaga Srikakulam",GOVT,MBBS,,35000,25000,15000,0,0,,type-based indicative estimate (medical)
col_1112122273,"RIMS, Ongole",GOVT,MBBS,,35000,25000,15000,0,0,,type-based indicative estimate (medical)
col_8799633997,"RIMS, Ongole, B HAGYAN AGAR 5TH LANE, RIMS, ONGOL E",GOVT,MBBS,,35000,25000,15000,0,0,,type-based indicative estimate (medical)
col_0571861708,RUHS College of Dental Science,GOVT,BDS,,50000,25000,15000,0,0,,type-based indicative estimate (dental)
col_8284496561,"RUHS College of Medical Sciences, Jaipur",GOVT,MBBS,,35000,25000,15000,0,0,,type-based indicative estimate (medical)
col_6569116979,"RUHS College of Medical Sciences, Jaipur, RUHS COLLEGE OF MEDICAL SCIENCES",GOVT,MBBS,,35000,25000,15000,0,0,,type-based indicative estimate (medical)
col_7523139205,Raiganj Government Medical College,GOVT,MBBS,,35000,25000,15000,0,0,,type-based indicative estimate (medical)
col_5438448437,"Raiganj Government Medical College, ABDULGHATA CAMPASS, KARNAJORA",GOVT,MBBS,,35000,25000,15000,0,0,,type-based indicative estimate (medical)
col_5160975003,Raja Rajeswari Medical College Bengaluru,DEEMED,MBBS,,2200000,200000,100000,4000000,0,,type-based indicative estimate (medical)
col_6467485980,Rajah Muthiah Dental College and Hos.,GOVT,BDS,,50000,25000,15000,0,0,,type-based indicative estimate (dental)
col_7003354167,"Rajah Muthiah Medical College, Annamalai Universit",GOVT,MBBS,,35000,25000,15000,0,0,,type-based indicative estimate (medical)
col_8411231126,Rajarshee Chhatrapati Shahu Maharaj Government Medical College Kolhapur,GOVT,MBBS,,35000,25000,15000,0,0,,type-based indicative estimate (medical)
col_6632097719,"Rajarshee Chhatrapati Shahu Maharaj Government Medical College Kolhapur, Rajarshee Chhatrapati Shahu Maharaj Government Medical College",GOVT,MBBS,,35000,25000,15000,0,0,,type-based indicative estimate (medical)
col_0752052776,Rajiv Gandhi Institute Medical Sce of Adilabad,GOVT,MBBS,,35000,25000,15000,0,0,,type-based indicative estimate (medical)
col_1009487296,"Rajkiya Medical College, Jalaun",GOVT,MBBS,,35000,25000,15000,0,0,,type-based indicative estimate (medical)
col_9925716683,"Rajmata shrimati devendra kumari singhdeo government medical college, ambikapur, Surguja",GOVT,MBBS,,35000,25000,15000,0,0,,type-based indicative estimate (medical)
col_4184839708,"Rangaraya Medical College, Kakinada",GOVT,MBBS,,35000,25000,15000,0,0,,type-based indicative estimate (medical)
col_8859264307,"Rani Durgavati Medical College, Banda",GOVT,MBBS,,35000,25000,15000,0,0,,type-based indicative estimate (medical)
col_2910688013,"Rani Durgavati Medical College, Banda, RANI DURGAVATI MEDICAL COLLEGE",GOVT,MBBS,,35000,25000,15000,0,0,,type-based indicative estimate (medical)
col_2415080251,Rural Dental College,DEEMED,BDS,,600000,150000,80000,1500000,0,,type-based indicative estimate (dental)
col_5526421156,"Rural Medical College and PIMS, Loni",DEEMED,MBBS,,2200000,200000,100000,4000000,0,,type-based indicative estimate (medical)
col_r3_3166f9c57663,"S.C.B. MEDICAL COLL(DENTA L), CUTTACK",GOVT,BDS,,50000,25000,15000,0,0,,type-based indicative estimate (dental)
col_2818784834,S.C.B. MEDICAL COLL(DENTAL),GOVT,BDS,,50000,25000,15000,0,0,,type-based indicative estimate (dental)
col_8361601384,"S.C.B. MEDICAL COLLEGE, CUTTACK",GOVT,MBBS,,35000,25000,15000,0,0,,type-based indicative estimate (medical)
col_8835861955,"S.C.B. MEDICAL COLLEGE, CUTTACK, Mangalabag, Cuttack",GOVT,MBBS,,35000,25000,15000,0,0,,type-based indicative estimate (medical)
col_6549121196,"S.M.S. MEDICAL COLLEGE, JAIPUR",GOVT,MBBS,,35000,25000,15000,0,0,,type-based indicative estimate (medical)
col_0382734399,"S.N. MEDICAL COLLEGE, AGRA",GOVT,MBBS,,35000,25000,15000,0,0,,type-based indicative estimate (medical)
col_7137414663,"S.S. MEDICA L COLLEG E, REWA, N EAR DHOBIY A TANKI",GOVT,MBBS,,35000,25000,15000,0,0,,type-based indicative estimate (medical)
col_3261989875,"S.S. MEDICAL COLLEGE, REWA",GOVT,MBBS,,35000,25000,15000,0,0,,type-based indicative estimate (medical)
col_ap_5e0aca91597c,"S.V.Medical College, Tirupati",GOVT,MBBS,,35000,25000,15000,0,0,,type-based indicative estimate (medical)
col_8880715724,"SARDAR PATEL MEDICAL COLLEGE, BIKANER",GOVT,MBBS,,35000,25000,15000,0,0,,type-based indicative estimate (medical)
col_2221952955,SATHYABAMA UNIV. Dental College and Hospt. Chennai,DEEMED,BDS,,600000,150000,80000,1500000,0,,type-based indicative estimate (dental)
col_9872628797,"SBKS Med. Inst. and Res. Centre, Sumandeep Vidyapeeth",DEEMED,MBBS,,2200000,200000,100000,4000000,0,,type-based indicative estimate (medical)
col_1347709217,"SBKS Med. Inst. and Res. Centre, Sumandeep Vidyapeeth, Sumandeep Vidyapeeth Deemed to be University Campus",DEEMED,MBBS,,2200000,200000,100000,4000000,0,,type-based indicative estimate (medical)
col_0084647454,"SDU Medical College, Kolar",GOVT,MBBS,,35000,25000,15000,0,0,,type-based indicative estimate (medical)
col_9735745651,"SDU Medical College, Kolar, SRI DEVARAJ URS MEDICAL COLLEGE, TAMAKA, KOLAR",DEEMED,MBBS,,2200000,200000,100000,4000000,0,,type-based indicative estimate (medical)
col_6884674633,"SDU Medical College, Kolar, TA MAKA KOLAR, Karnatak a",GOVT,MBBS,,35000,25000,15000,0,0,,type-based indicative estimate (medical)
col_6324737424,"SDU Medical College, Kolar, TAMAKA KOLAR",DEEMED,MBBS,,2200000,200000,100000,4000000,0,,type-based indicative estimate (medical)
col_0720456643,"SETH G.S. MEDICAL COLLEGE, MUMBAI",GOVT,MBBS,,35000,25000,15000,0,0,,type-based indicative estimate (medical)
col_1868237926,"SH VASANT RAO NAIK GOVT.M. C., YAVA TMAL, CI VIL LINES YAVATM AL, Maharas htra",GOVT,MBBS,,35000,25000,15000,0,0,,type-based indicative estimate (medical)
col_9061085347,"SH VASANT RAO NAIK GOVT.M.C., YAVATM AL",GOVT,MBBS,,35000,25000,15000,0,0,,type-based indicative estimate (medical)
col_1348100443,"SH VASANT RAO NAIK GOVT.M.C., YAVATMAL, CIVIL LINES YAVATMAL",GOVT,MBBS,,35000,25000,15000,0,0,,type-based indicative estimate (medical)
col_5952241430,"SHEIKH BHIKHA RI MEDICA L COLLEG E & HOSPIT AL, HAZARI BAG ( Formerly called as- Hazariba gh Medical College, Hazariba g)",GOVT,MBBS,,35000,25000,15000,0,0,,type-based indicative estimate (medical)
col_4693299935,SHEIKH BHIKHARI MEDICAL COLLEGE & HOSPITAL,GOVT,MBBS,,35000,25000,15000,0,0,,type-based indicative estimate (medical)
col_4903692543,SHILONG MEDICAL COLLEGE,GOVT,MBBS,,35000,25000,15000,0,0,,type-based indicative estimate (medical)
col_2567076548,"SHIMOGA INST. OF MEDICAL SCI., SHIMOGA",GOVT,MBBS,,35000,25000,15000,0,0,,type-based indicative estimate (medical)
col_5493309547,"SHKM GMC, Nalhar, Mewat",GOVT,MBBS,,35000,25000,15000,0,0,,type-based indicative estimate (medical)
col_5170849290,SHRI ATAL BIHARI VAJPAYEE GOVERNMENT MEDICAL COLLEGE,GOVT,MBBS,,35000,25000,15000,0,0,,type-based indicative estimate (medical)
col_6256799823,"SHRI BHAUSAHEB HIRE GOVT. M.C., DHULE",GOVT,MBBS,,35000,25000,15000,0,0,,type-based indicative estimate (medical)
col_6088948181,"SHRI KALYAN GOVT MEDICA L COLLEG E SIKAR, S hri Kalyan Govt. Medical College, Bajaj Gram, Sanwali, NH 8 A, Sikar 332001, Rajastha n",GOVT,MBBS,,35000,25000,15000,0,0,,type-based indicative estimate (medical)
col_4216240586,SHRI KALYAN GOVT MEDICAL COLLEGE SIKAR,GOVT,MBBS,,35000,25000,15000,0,0,,type-based indicative estimate (medical)
col_7348430147,"SHRI KALYAN GOVT MEDICAL COLLEGE SIKAR, Shri Kalyan Govt. Medical College, Bajaj Gram, Sanwali, NH 8 A, Sikar 332001",GOVT,MBBS,,35000,25000,15000,0,0,,type-based indicative estimate (medical)
col_2324527073,"SILCHAR MEDICAL COLLEGE, SILCHER",GOVT,MBBS,,35000,25000,15000,0,0,,type-based indicative estimate (medical)
col_3947562949,"SJP Medical College, Bharatpur",GOVT,MBBS,,35000,25000,15000,0,0,,type-based indicative estimate (medical)
col_9639306963,"SJP Medical College, Bharatpur, Rampura, NH-21",GOVT,MBBS,,35000,25000,15000,0,0,,type-based indicative estimate (medical)
col_2632324603,"SKIMS Medical College, Bemina",GOVT,MBBS,,35000,25000,15000,0,0,,type-based indicative estimate (medical)
col_4439536124,"SLBS Govt. Medical College, Mandi",GOVT,MBBS,,35000,25000,15000,0,0,,type-based indicative estimate (medical)
col_r3_59f60306b7ed,"SOBAN SINGH JEENA GOVERNMEN T INSTITUTE OF MEDICAL SCIENCE & RESEARCH, ALMORA, Nea r Vikas Bhawan Pandeykhola Almora",GOVT,MBBS,,35000,25000,15000,0,0,,type-based indicative estimate (medical)
col_9770747065,"SOBAN SINGH JEENA GOVERNMENT INSTITUTE OF MEDICAL SCIENCE & RESEARCH, ALMORA",GOVT,MBBS,,35000,25000,15000,0,0,,type-based indicative estimate (medical)
col_r3_ad8df4887275,"SRI KRISHNA MEDICAL COLLEGE, MUZAFFARP UR, UMANAG AR MUZAFFARP UR",GOVT,MBBS,,35000,25000,15000,0,0,,type-based indicative estimate (medical)
col_4816852686,"SRI KRISHNA MEDICAL COLLEGE, MUZAFFARPUR",GOVT,MBBS,,35000,25000,15000,0,0,,type-based indicative estimate (medical)
col_5052542240,SRI LALITHAMBIGAI MEDICAL COLLEGE & HOSPITAL,DEEMED,MBBS,,2200000,200000,100000,4000000,0,,type-based indicative estimate (medical)
col_7223437456,SRM Dental College,DEEMED,BDS,,600000,150000,80000,1500000,0,,type-based indicative estimate (dental)
col_5268928936,SRM Katt. Dental College and Hospt. Chennai,DEEMED,BDS,,600000,150000,80000,1500000,0,,type-based indicative estimate (dental)
col_8469989680,SRM Medical College and Hospital,DEEMED,MBBS,,2200000,200000,100000,4000000,0,,type-based indicative estimate (medical)
col_3348342960,"STANLEY MEDICAL COLLEGE, CHENNAI",GOVT,MBBS,,35000,25000,15000,0,0,,type-based indicative estimate (medical)
col_0277337903,"STANLEY MEDICAL COLLEGE, CHENNAI, No.1",GOVT,MBBS,,35000,25000,15000,0,0,,type-based indicative estimate (medical)
col_4039673582,"SUH Maulana Mahmood Hasan Medical College, Saharanpur",GOVT,MBBS,,35000,25000,15000,0,0,,type-based indicative estimate (medical)
col_8147792925,"SVIMS - Sri Padmavathi Medical College for Women, Tirupati",GOVT,MBBS,,35000,25000,15000,0,0,,type-based indicative estimate (medical)
col_4525381243,"SVIMS - Sri Padmavathi Medical College for Women, Tirupati(Female Seat only )",GOVT,MBBS,,35000,25000,15000,0,0,,type-based indicative estimate (medical)
col_r3_12a9371868d3,"SVIMS Sri Padmavathi Medical College for Women, Tirupati, SVIM S",GOVT,MBBS,,35000,25000,15000,0,0,,type-based indicative estimate (medical)
col_8437371233,"SWAMI RAMANAND TiRTH RURAL M.C, AMBAJOGAI",GOVT,MBBS,,35000,25000,15000,0,0,,type-based indicative estimate (medical)
col_0527553563,SYMBIOSIS MEDICAL COLLEGE FOR WOMEN PUNE,DEEMED,MBBS,,2200000,200000,100000,4000000,0,,type-based indicative estimate (medical)
col_8949232246,SYMBIOSIS MEDICAL COLLEGE FOR WOMEN PUNE(Female Seat only ),GOVT,MBBS,,35000,25000,15000,0,0,,type-based indicative estimate (medical)
col_3436763170,Sagar Dutta Medical College & Hospital,GOVT,MBBS,,35000,25000,15000,0,0,,type-based indicative estimate (medical)
col_3526558711,"Saheed Laxman Nayak Med. College and Hos., Koraput",GOVT,MBBS,,35000,25000,15000,0,0,,type-based indicative estimate (medical)
col_4306086368,"Saheed Laxman Nayak Med. College and Hos., Koraput, AT-JANIGUDA, KORAPUT",GOVT,MBBS,,35000,25000,15000,0,0,,type-based indicative estimate (medical)
col_6350829104,Saheed Rendo Majhi Medical College & Hospital,GOVT,MBBS,,35000,25000,15000,0,0,,type-based indicative estimate (medical)
col_ap_53ae0f269e83,"Santhiram Medical College, Nandyal",PRIVATE,MBBS,,1200000,150000,80000,3000000,0,,type-based indicative estimate (medical)
col_3754528924,Santosh Dental College and Hospital,DEEMED,BDS,,600000,150000,80000,1500000,0,,type-based indicative estimate (dental)
col_0359839541,Santosh Medical College and Hospital,DEEMED,MBBS,,2200000,200000,100000,4000000,0,,type-based indicative estimate (medical)
col_8663714859,Sarat Chandra Chattopadhyay Govt. Medical College & Hospital,GOVT,MBBS,,35000,25000,15000,0,0,,type-based indicative estimate (medical)
col_6350747562,Saveetha Dental College,DEEMED,BDS,,600000,150000,80000,1500000,0,,type-based indicative estimate (dental)
col_4035870436,"Saveetha Medical College, Chennai",DEEMED,MBBS,,2200000,200000,100000,4000000,0,,type-based indicative estimate (medical)
col_4035152714,School of Dental Sciences and KIMSDU,DEEMED,BDS,,600000,150000,80000,1500000,0,,type-based indicative estimate (dental)
col_9573670166,Shaheed Nirmal Mahto Medical College & Hospital,GOVT,MBBS,,35000,25000,15000,0,0,,type-based indicative estimate (medical)
col_5751850739,Sharad Pawar Dental College and Hospital,DEEMED,BDS,,600000,150000,80000,1500000,0,,type-based indicative estimate (dental)
col_9083927540,Shri Atal Bihari Vajpayee Medical College & Research Institute,GOVT,MBBS,,35000,25000,15000,0,0,,type-based indicative estimate (medical)
col_0023449758,"Shri Sathya Sai Medical College and RI, Chennai",DEEMED,MBBS,,2200000,200000,100000,4000000,0,,type-based indicative estimate (medical)
col_5588755981,"Shri Sathya Sai Medical College and RI, Chennai, SBV Chennai Campus",DEEMED,MBBS,,2200000,200000,100000,4000000,0,,type-based indicative estimate (medical)
col_9508799451,"Shri Sathya Sai Medical College and Research Institute, Chennai",GOVT,MBBS,,35000,25000,15000,0,0,,type-based indicative estimate (medical)
col_0027926439,"Shri Sathya Sai Medical College and Research Institute, Chennai, SBV Chennai Campus",DEEMED,MBBS,,2200000,200000,100000,4000000,0,,type-based indicative estimate (medical)
col_2819461267,"Siddartha Medical College, Vijayawada",GOVT,MBBS,,35000,25000,15000,0,0,,type-based indicative estimate (medical)
col_7038538540,Sree Balaji Dental College and Hospital,DEEMED,BDS,,600000,150000,80000,1500000,0,,type-based indicative estimate (dental)
col_6437196479,Sree Balaji Medical College and Hospital,DEEMED,MBBS,,2200000,200000,100000,4000000,0,,type-based indicative estimate (medical)
col_ap_da825e91a354,"Sri Balaji Institute of Medical Sciences, Renigunta, Tirupati",GOVT,MBBS,,35000,25000,15000,0,0,,type-based indicative estimate (medical)
col_ap_d465d3c7bb44,"Sri Balaji Medical College Hospital and Research Institute , Renigunta, Tirupati",GOVT,MBBS,,35000,25000,15000,0,0,,type-based indicative estimate (medical)
col_7432223794,Sri Jagannath Medical College & Hospital,GOVT,MBBS,,35000,25000,15000,0,0,,type-based indicative estimate (medical)
col_5678167856,"Sri Lakshmi Narayan a Inst. of Med. Scien., Puduche rry, OSU DU, AGARA M VILLAGE",PRIVATE,MBBS,,1200000,150000,80000,3000000,0,,type-based indicative estimate (medical)
col_8332281888,Sri Lakshmi Narayana Inst. of Med. Scien.,DEEMED,MBBS,,2200000,200000,100000,4000000,0,,type-based indicative estimate (medical)
col_ap_ad44eaa808d7,"Sri Padmavathi Medical College for Women, Tirupati",GOVT,MBBS,,35000,25000,15000,0,0,,type-based indicative estimate (medical)
col_ap_ac32917e0127,"Sri Padmavathi Medical College for Women, Tirupati (under SVIMS)",GOVT,MBBS,,35000,25000,15000,0,0,,type-based indicative estimate (medical)
col_6517963814,Sri Ramachandra Dental and Hospt.,DEEMED,BDS,,600000,150000,80000,1500000,0,,type-based indicative estimate (dental)
col_3947235356,"Sri Ramachandra Med. College and Res. Inst., Chennai",DEEMED,MBBS,,2200000,200000,100000,4000000,0,,type-based indicative estimate (medical)
col_5403045183,Sri Siddhartha Academy T Begur,DEEMED,MBBS,,2200000,200000,100000,4000000,0,,type-based indicative estimate (medical)
col_6620413373,Sri Siddhartha DentalCollege,DEEMED,BDS,,600000,150000,80000,1500000,0,,type-based indicative estimate (dental)
col_5661960458,"Sri Siddhartha Medical College DU, Tumkur",DEEMED,MBBS,,2200000,200000,100000,4000000,0,,type-based indicative estimate (medical)
col_6581471127,"Sri Venkateswara Medical College, Tirupati",GOVT,MBBS,,35000,25000,15000,0,0,,type-based indicative estimate (medical)
col_7851510935,Sundarlal patwa Govt medical College mandsaur,GOVT,MBBS,,35000,25000,15000,0,0,,type-based indicative estimate (medical)
col_4330214995,"Sundarlal patwa Govt medical College mandsaur, Dean Office, Sunderlal Patwa Government Medical College, Mhow Neemuch Bypass, Mandsaur M.P.",GOVT,MBBS,,35000,25000,15000,0,0,,type-based indicative estimate (medical)
col_6634333894,"T.D. MEDICAL COLLEGE, ALLAPPUZHA",GOVT,MBBS,,35000,25000,15000,0,0,,type-based indicative estimate (medical)
col_2362654804,"T.D. MEDICAL COLLEGE, ALLAPPUZHA, GOVERNMENT T.D.MEDICAL COLLEGE",GOVT,MBBS,,35000,25000,15000,0,0,,type-based indicative estimate (medical)
col_1078377073,"TAMILNADU GOVT D.C. & HOSP, CHENNAI",GOVT,MBBS,,35000,25000,15000,0,0,,type-based indicative estimate (medical)
col_2417059554,"TAMILNADU GOVT D.C. & HOSP, CHENNAI, No. 1, TNPSC SALAI, PARK TOWN, CHENNAI 600003",GOVT,MBBS,,35000,25000,15000,0,0,,type-based indicative estimate (medical)
col_5936155200,"THANJAVUR MEDICAL COLL., THANJAV UR",GOVT,MBBS,,35000,25000,15000,0,0,,type-based indicative estimate (medical)
col_8792443534,"THANJAVUR MEDICAL COLL., THANJAVUR, Thanjavur Medical College, Thanjavur",GOVT,MBBS,,35000,25000,15000,0,0,,type-based indicative estimate (medical)
col_5846375151,"THENI GOVT. MEDICAL COLLEGE, THENI",GOVT,MBBS,,35000,25000,15000,0,0,,type-based indicative estimate (medical)
col_6722374298,"THENI GOVT. MEDICAL COLLEGE, THENI, G. Vilakku, Shanmugasundarapuram village",GOVT,MBBS,,35000,25000,15000,0,0,,type-based indicative estimate (medical)
col_4997118104,"THOOTHUKUDI MEDICAL COLLEGE, THOOTHUKUDI",GOVT,MBBS,,35000,25000,15000,0,0,,type-based indicative estimate (medical)
col_2206384051,"TOPIWALA NATIONAL MEDICAL COLLEGE, MUMBAI",GOVT,MBBS,,35000,25000,15000,0,0,,type-based indicative estimate (medical)
col_3333521779,Tamralipto Government Medical College & Hospital,GOVT,MBBS,,35000,25000,15000,0,0,,type-based indicative estimate (medical)
col_0554402038,"Tezpur Medical College, Tezpur",GOVT,MBBS,,35000,25000,15000,0,0,,type-based indicative estimate (medical)
col_8319902509,Thaimoogambigai Dental College and Hsopt. Chennai,DEEMED,BDS,,600000,150000,80000,1500000,0,,type-based indicative estimate (dental)
col_7001010125,"Thiruvannamalai MC, Thiruvannamalai, TN",GOVT,MBBS,,35000,25000,15000,0,0,,type-based indicative estimate (medical)
col_3019595719,Tinsukia Medical College & Hospital,GOVT,MBBS,,35000,25000,15000,0,0,,type-based indicative estimate (medical)
col_8981030379,"Tomo Riba Institute Health and Medical Sciences, Naharlagun",GOVT,MBBS,,35000,25000,15000,0,0,,type-based indicative estimate (medical)
col_2340306685,"Tomo Riba Institute Health and Medical Sciences, Naharlagun, Tomo Riba Institute Health and Medical Sciences, Old Assembly Complex, Naharlagun",GOVT,MBBS,,35000,25000,15000,0,0,,type-based indicative estimate (medical)
col_5210807910,"UNS AUTONOMOUS STATE MEDICAL COLLEGES, Jaunpur",GOVT,MBBS,,35000,25000,15000,0,0,,type-based indicative estimate (medical)
col_7071325269,"UTTARANCHAL F HOSP TRUST MC, HALDWANI",PRIVATE,MBBS,,1200000,150000,80000,3000000,0,,type-based indicative estimate (medical)
col_9901281065,"UTTARANCHAL F HOSP TRUST MC, HALDWANI, Government Medical College",GOVT,MBBS,,35000,25000,15000,0,0,,type-based indicative estimate (medical)
col_r3_85f96fbe1b62,Universit College of y Medical Sciences,GOVT,MBBS,,35000,25000,15000,0,0,,type-based indicative estimate (medical)
col_3854219615,University College of Medical Sciences,GOVT,MBBS,,35000,25000,15000,0,0,,type-based indicative estimate (medical)
col_5980933161,"Uttar Pradesh University of Medical Sciences, Saifai, Etawah",GOVT,MBBS,,35000,25000,15000,0,0,,type-based indicative estimate (medical)
col_7154680769,"Uttar Pradesh University of Medical Sciences, Saifai, Etawah,SAIFAI ETAWAH, Uttar Pradesh, 206130",GOVT,MBBS,,35000,25000,15000,0,0,,type-based indicative estimate (medical)
col_4278906013,"V.S.S. MEDICAL COLLEGE, BURLA",GOVT,MBBS,,35000,25000,15000,0,0,,type-based indicative estimate (medical)
col_8289384590,"V.S.S. MEDICAL COLLEGE, BURLA, AYURVIHAR, BURLA, SAMBALPUR",GOVT,MBBS,,35000,25000,15000,0,0,,type-based indicative estimate (medical)
col_1091308350,"VARDHMAN INSTITUTE OF MEDICAL SCIENCES, NALANDA",GOVT,MBBS,,35000,25000,15000,0,0,,type-based indicative estimate (medical)
col_8316496099,"VARDHMAN INSTITUTE OF MEDICAL SCIENCES, NALANDA, BMIMS, PAWAPURI NALNADA",GOVT,MBBS,,35000,25000,15000,0,0,,type-based indicative estimate (medical)
col_9353393365,VELS MEDICAL COLLEGE & HOSPITAL,DEEMED,MBBS,,2200000,200000,100000,4000000,0,,type-based indicative estimate (medical)
col_9177962844,"VIJAYNA GAR INST OF MED. SC, BELL ARY, Can tonment, Ballari, Karnatak a",GOVT,MBBS,,35000,25000,15000,0,0,,type-based indicative estimate (medical)
col_1580674692,VIJAYNAGAR INST OF MED. SC,GOVT,MBBS,,35000,25000,15000,0,0,,type-based indicative estimate (medical)
col_7779322101,VMKV Medical College and Hospital,DEEMED,MBBS,,2200000,200000,100000,4000000,0,,type-based indicative estimate (medical)
col_1040750953,VMS Dental College,DEEMED,BDS,,600000,150000,80000,1500000,0,,type-based indicative estimate (dental)
col_5848526110,Vardhman Mahavir Medical College and Safdarjung Hospital,GOVT,MBBS,,35000,25000,15000,0,0,,type-based indicative estimate (medical)
col_3103844629,Veer Chandra Singh Garhwali Govt. Institute of Medical Science & Research,GOVT,MBBS,,35000,25000,15000,0,0,,type-based indicative estimate (medical)
col_6525156192,Vinayaka Missions Medical College and Hospital,DEEMED,MBBS,,2200000,200000,100000,4000000,0,,type-based indicative estimate (medical)
col_6537591986,"Virendra Kumar Sakhlecha Government Medical College, Neemuch",GOVT,MBBS,,35000,25000,15000,0,0,,type-based indicative estimate (medical)
col_ap_b3e0d9383bb7,"Viswabharathi Medical College & General Hospital, RT Nagar, Near Penchikalapadu, Kurnool Dist.",GOVT,MBBS,,35000,25000,15000,0,0,,type-based indicative estimate (medical)
col_ap_1d96d5d914cf,"Viswabharathi Medical College, Kurnool",GOVT,MBBS,,35000,25000,15000,0,0,,type-based indicative estimate (medical)
col_1046092524,"YADGIRI INSTITUTE OF MEDICAL SCIENCES, YADGIRI",GOVT,MBBS,,35000,25000,15000,0,0,,type-based indicative estimate (medical)
col_3936115678,Yenepoya Dental College,DEEMED,BDS,,600000,150000,80000,1500000,0,,type-based indicative estimate (dental)
col_4072343872,Yenepoya Medical College,DEEMED,MBBS,,2200000,200000,100000,4000000,0,,type-based indicative estimate (medical)
col_0607297450,ZORAM MEDICAL COLLEGE Falkawn,GOVT,MBBS,,35000,25000,15000,0,0,,type-based indicative estimate (medical)
col_0144112631,"ZORAM MEDICAL COLLEGE Falkawn, Falkawn",GOVT,MBBS,,35000,25000,15000,0,0,,type-based indicative estimate (medical)
